Recency,Monetary,Frequency
326,77183.6,1
40,4310.0,182
76,1797.24,31
19,1757.55,73
311,334.4,17
73,2506.04,85
205,89.0,4
233,1079.4,58
96,459.4,13
23,2811.43,59
182,6207.67,131
3,1168.06,19
9,6372.58,248
53,2662.06,129
288,189.9,10
30,5226.23,266
36,552.0,23
41,1313.1,85
292,641.38,22
212,168.9,11
52,3545.69,167
30,1887.96,63
35,1298.04,52
342,364.6,14
26,742.9300000000001,33
11,457.5,17
316,1628.12,77
305,4008.62,219
82,852.24,40
22,2724.81,104
0,1845.31,87
9,1850.56,99
29,585.27,27
192,401.9,10
16,2780.66,100
80,549.84,32
22,460.89,100
39,1582.6000000000001,64
153,1272.48,27
5,3018.63,156
136,2409.9,126
46,1635.6599999999999,85
2,1108.65,59
99,84.3,5
324,225.6,11
50,427.7,5
149,1710.39,54
23,3415.3,105
50,1708.1200000000001,77
152,2888.55,105
65,11072.67,109
252,693.3299999999999,26
75,1226.88,61
192,758.1,38
188,562.41,18
25,124914.53,714
40,3649.1,192
113,668.58,34
153,600.39,29
16,807.04,45
169,803.5600000000001,39
89,1859.31,125
163,1760.96,30
79,777.2,36
195,582.73,30
22,825.8,31
26,7956.46,294
10,3750.4,97
44,256.4,11
2,6487.45,235
43,5059.32,108
10,13375.87,420
85,806.14,50
80,7829.89,36
335,509.01,16
9,4951.41,199
15,2906.85,98
485,173.55,11
181,172.06,12
0,5005.46,176
23,133.4,4
58,1002.3100000000001,57
67,476.49,26
45,449.45,22
23,4067.29,191
174,197.88,8
11,9035.52,354
17,430.57,22
135,707.09,43
57,3528.34,15
74,2466.86,90
45,3181.04,125
82,2363.23,62
72,947.4,38
125,826.88,35
19,1189.59,62
6,1344.78,83
11,1212.05,29
18,742.1899999999999,47
218,729.5400000000001,38
11,19824.05,460
52,6572.11,339
54,3938.5499999999997,168
3,7375.79,424
54,723.38,36
16,6816.42,233
23,13219.74,300
181,680.99,36
12,527.2,31
29,3281.63,154
23,5596.32,217
18,2484.98,75
101,4541.72,346
10,1298.66,55
162,334.93,15
18,5417.93,245
333,460.40000000000003,26
106,263.21000000000004,20
166,433.74,22
16,1246.1000000000001,77
82,1043.1,14
22,403.70000000000005,23
24,4257.82,61
162,2169.39,149
188,3723.87,147
19,482.04999999999995,9
233,73.5,23
135,1304.81,21
27,398.27,69
285,176.5,7
143,982.5699999999999,33
244,138.03,34
113,612.29,35
268,1017.68,51
354,383.7,16
4,1312.06,26
29,2502.84,284
0,2056.89,124
153,340.84,18
37,2634.26,152
143,599.68,38
40,192.72,12
9,1789.77,106
10,4485.72,144
54,1316.66,71
82,348.71000000000004,18
10,1933.48,92
30,1662.28,66
15,125.22,17
90,349.83000000000004,16
336,1089.18,63
92,716.35,34
30,12601.830000000002,261
60,363.95,21
23,5568.35,273
20,13400.24,478
60,981.18,52
274,372.7,19
76,1000.39,50
47,1161.5,69
198,207.79999999999998,8
167,95.19999999999999,5
80,964.83,57
358,168.0,10
40,437.82,20
0,3692.28,191
33,603.71,121
17,11990.960000000001,33
301,269.96,11
311,561.71,21
113,2134.01,105
69,238.85,16
23,3781.7400000000002,168
262,456.9,21
289,145.92,9
87,351.65,19
23,9401.28,446
0,4124.69,188
40,519.61,34
52,1020.42,60
228,160.54000000000002,28
316,218.45,11
130,1315.83,88
243,657.8,147
22,2794.51,114
79,440.42,29
159,415.7,24
40,197.71,15
239,511.36,22
0,7281.38,247
18,2338.15,96
235,2040.1,87
18,196.94000000000003,11
301,144.0,4
40,214.89999999999998,10
29,646.68,35
5,9864.26,68
318,452.84999999999997,26
66,437.6,18
109,418.09999999999997,21
47,3338.2200000000003,118
36,618.27,27
20,3811.22,206
10,3023.08,132
33,1032.58,62
29,2599.04,64
39,577.0600000000001,28
0,153.12,12
22,739.1999999999999,2
80,254.18,16
61,1579.51,101
79,1126.85,60
23,2099.54,106
53,1193.32,65
75,704.0400000000001,19
58,3344.38,153
160,315.6,20
72,2291.19,105
215,713.3,32
60,355.53,42
22,177.31,11
17,3641.24,90
15,1339.41,92
5,13689.67,467
233,180.1,11
129,305.1,18
107,641.13,38
5,2683.82,86
24,6620.48,294
11,4478.53,230
182,786.46,41
10,1270.88,64
58,640.5,31
0,2163.98,101
31,1689.18,101
92,6021.9,390
182,671.69,39
239,486.1,22
24,1174.58,53
116,185.9,10
26,1013.26,47
39,3344.64,24
305,477.91,31
110,1775.18,73
50,1346.97,45
23,3722.82,121
125,318.05,21
35,623.51,31
181,314.44,20
100,114.0,9
9,919.98,48
149,2209.85,43
11,601.98,38
18,4051.17,126
12,1643.18,47
19,686.05,36
60,91.68,5
12,245.1,13
24,3849.78,230
0,4881.88,37
325,63.0,3
0,620.13,33
12,3807.15,161
3,2744.0299999999997,101
11,2996.05,92
330,225.89999999999998,10
242,610.52,42
92,1970.6,83
25,1331.39,45
43,17628.46,165
0,1113.02,48
31,862.81,52
15,13787.54,638
2,12288.22,525
5,8476.57,344
25,2283.63,105
29,2863.08,157
638,89.14,7
114,4873.8099999999995,171
26,1247.61,72
206,389.01,16
0,1035.8,32
5,855.91,39
71,869.67,37
108,582.1,27
29,957.59,41
127,4939.99,268
36,797.71,53
20,219.0,12
72,283.55,21
23,2340.84,88
16,6868.29,334
292,603.42,33
60,2712.91,157
0,9736.52,208
202,1149.02,77
9,4396.13,133
89,848.55,38
10,4708.86,259
107,353.86,21
134,1053.49,69
33,1030.98,55
72,238.25,19
214,644.95,39
3,5781.73,354
80,2656.13,161
3,997.63,53
17,725.07,69
39,1031.41,53
638,427.8,24
29,2609.1,124
11,3980.7,139
39,836.33,46
114,453.01,26
24,18895.91,274
180,236.26000000000002,12
235,383.95,22
353,110.39999999999999,4
192,779.5699999999999,43
39,234.0,4
666,155.35,11
79,1013.04,38
153,427.6,27
135,546.43,134
52,21279.29,222
23,4196.01,103
5,33719.73,4595
23,4090.88,199
277,275.88,15
82,4366.78,53
23,21429.39,197
160,3010.74,63
251,3811.95,4
87,112.07999999999998,4
5,7857.1,371
117,2791.59,97
53,1531.44,95
26,1898.52,69
139,494.08,18
317,1693.88,45
58,6989.63,310
239,1143.6,32
211,1351.45,12
30,892.47,55
18,1386.04,66
20,822.23,50
199,3981.36,149
153,826.74,25
150,2330.92,103
54,2225.91,84
10,574.42,59
424,311.95,14
10,463.66,20
214,91.85,4
193,324.92,21
697,192.60000000000002,2
257,400.53999999999996,25
100,545.48,24
54,860.41,45
19,430.48,14
454,254.03,13
11,6977.04,8
187,427.58,25
126,483.65000000000003,28
178,489.31,25
261,514.85,31
45,229.64000000000001,15
102,125.92,2
148,1063.46,47
177,572.2,29
282,166.04,4
262,1542.08,14
45,942.34,59
96,92.72,6
71,948.88,46
75,1759.5,5
30,397.12,25
60,1474.72,91
45,430.15000000000003,25
113,1018.71,56
162,293.0,11
92,6814.64,38
263,215.05,9
152,383.03,27
146,417.38,24
310,312.38,18
30,2612.86,175
174,134.1,12
182,683.13,123
12,5591.42,314
65,2726.77,113
4,4022.35,420
71,1118.99,34
66,1702.26,103
60,325.96000000000004,52
268,354.09,27
23,871.54,91
121,1050.8899999999999,51
245,135.18,50
295,311.55,17
135,1957.1000000000001,78
6,1324.5,110
666,38.1,3
19,2179.93,314
69,1106.4,46
53,521.2,5
139,147.12,3
27,1568.23,95
341,559.12,26
27,4036.82,538
9,1607.0600000000002,107
85,380.64,11
327,599.97,66
310,374.0,4
144,343.2300000000001,2
58,2218.02,85
25,1535.77,154
237,854.99,47
45,573.22,10
98,298.0,7
10,1463.04,13
25,703.47,42
1,309.05,7
124,1175.22,71
249,1378.4,82
96,354.12,5
25,380.46999999999997,82
157,331.0,3
90,188.14,34
43,372.8,22
38,216.5,4
11,17654.54,116
265,138.68,10
19,509.58,72
12,2919.81,63
177,750.0,2
40,2178.67,91
6,3075.04,75
15,1662.3,24
16,2483.63,50
149,363.65,22
139,3006.15,107
277,594.0,2
3,1335.19,50
18,164.23,28
10,16587.09,720
337,405.38,28
183,176.97,29
1,933.7,30
75,694.05,45
6,2062.7000000000003,84
342,117.85,8
79,415.8,25
22,42055.96,82
25,607.53,106
27,2160.7,129
18,1063.9,62
16,1504.27,120
26,114.14,9
37,11581.8,47
55,913.54,99
132,683.9,75
243,604.51,30
289,462.95,23
65,1603.99,97
17,2064.95,116
90,4167.22,215
25,1843.0,23
174,1064.07,63
44,1387.79,79
10,329.85,17
17,4757.16,180
191,108.07,19
10,4017.54,238
114,266.39,16
11,1856.63,95
31,771.91,109
10,160.18,10
359,1660.9,19
113,135.95,5
301,452.24,151
9,11189.91,305
198,144.8,8
5,738.6,22
186,39.239999999999995,9
9,7374.900000000001,20
60,372.21999999999997,20
36,390.54,28
19,97.5,4
29,1239.38,76
74,558.7,28
293,535.32,92
1,6924.110000000001,64
121,409.5,13
24,503.76,31
24,414.76,27
32,974.4200000000001,61
86,211.32,3
1,1226.89,59
128,455.88,28
107,534.85,31
23,9818.82,339
319,120.94999999999999,7
33,149.05,6
12,5655.91,404
159,513.7,26
57,81.57,4
324,229.46999999999997,14
666,50.550000000000004,3
10,1661.8400000000001,89
22,4810.9400000000005,219
11,3466.2799999999997,109
54,3346.28,176
74,789.89,47
301,204.0,1
17,7277.7,458
26,2616.38,131
183,689.9,40
98,975.36,40
114,6912.0,26
23,661.3199999999999,45
90,1247.5,10
12,799.48,99
53,1010.18,71
358,190.55,11
55,642.77,37
74,921.88,27
139,881.07,48
81,908.46,28
182,676.99,43
37,516.42,13
292,560.47,33
335,305.28000000000003,18
90,629.31,35
57,3237.54,172
15,1835.91,136
183,656.6800000000001,14
15,5836.86,403
35,348.15000000000003,18
66,1214.41,76
0,271.40000000000003,8
250,183.4,8
254,307.53,15
73,248.61,10
338,346.98,11
1,1119.49,69
697,205.86,14
25,470.8,48
83,115.46000000000001,15
11,344.0,2
2,4436.12,425
193,228.8,9
267,177.15,7
305,919.61,22
120,729.27,112
0,12627.94,358
22,220.10000000000002,6
180,58.08,6
12,28337.38,1024
177,3613.63,73
76,303.75,18
217,416.08000000000004,22
6,58825.83,1818
20,8910.82,155
29,345.82,21
5,477.83,25
98,7832.47,159
22,1927.3200000000002,24
71,74.39999999999999,6
78,6010.42,423
10,28882.44,572
335,207.35999999999999,1
235,101.19,8
24,6424.09,304
40,243.94,8
47,1098.48,20
134,76.5,1
45,1531.6200000000001,58
666,350.06,10
30,786.54,47
54,1488.67,145
5,12245.960000000001,200
0,2294.78,120
139,501.14,30
22,984.91,76
20,1197.81,79
239,30.599999999999998,1
270,283.73,50
184,922.39,55
31,3866.33,235
45,2099.64,140
78,259.17,15
184,64.0,2
24,1073.3,44
262,77.3,3
37,109.8,7
86,1793.58,98
197,3096.0,1
35,2607.61,127
11,3650.41,704
23,962.39,63
17,5064.94,170
109,423.72,46
85,2388.75,135
20,307.09,23
39,110.95,3
40,618.52,6
27,228.91,17
11,712.8000000000001,4
60,3707.12,319
15,1676.06,86
296,1257.8700000000001,74
242,486.22,15
80,971.76,85
6,1741.22,87
2,1201.06,79
51,1437.85,121
23,91.8,4
314,112.75,8
93,1688.29,79
47,1021.48,42
341,417.2,41
19,791.33,65
200,1319.19,131
153,712.88,13
27,116.00999999999999,32
22,468.41,46
212,353.65,43
17,2817.03,314
47,492.84,72
183,282.45,17
27,5725.47,265
46,121.18,11
87,3957.78,94
15,1701.29,181
268,71.4,1
40,1575.89,79
192,236.02,37
12,114.60000000000001,2
19,260.68,29
206,911.94,63
91,117.88,29
136,60.7,3
12,1797.78,110
11,3401.2400000000002,226
11,9817.12,119
20,870.09,46
10,869.46,57
3,250.26000000000002,8
0,1223.9,149
90,5891.61,321
154,353.48,22
11,1197.42,56
20,788.08,142
57,1520.58,90
268,333.74,5
93,533.98,4
246,62.63999999999999,5
79,819.2900000000001,21
241,847.41,66
201,163.20000000000002,5
33,2155.95,108
61,6463.84,32
37,108.21000000000001,16
202,257.7,9
82,358.0,2
226,160.95,10
60,2806.97,611
4,1357.6,207
75,605.12,43
35,1031.07,58
25,744.85,36
18,700.73,31
262,329.56,21
174,663.65,67
66,270.40000000000003,13
204,600.07,58
123,121.74000000000001,27
51,430.5,16
19,1987.3,141
18,501.12,25
155,465.68,26
123,711.41,23
186,1030.4,36
10,399.51,13
12,698.58,38
91,292.32,87
91,557.62,8
269,944.1,9
264,200.29,11
5,7454.07,1677
1,2107.66,91
12,3834.2599999999998,187
9,4521.49,211
6,3214.69,440
1,5346.2300000000005,316
485,590.0,1
302,217.38,96
31,276.56,15
114,138.98,16
153,590.9300000000001,30
16,258.4,8
41,542.73,46
79,137.75,9
93,814.86,85
19,1132.14,37
30,93.66,7
331,201.19,13
24,2709.12,187
156,361.11,42
285,578.9399999999999,31
250,873.74,54
360,201.20000000000002,10
138,87.4,5
24,2089.85,59
120,360.0,2
269,142.5,5
170,371.89,20
104,618.09,81
156,63.75,1
352,300.42,21
22,2000.86,81
32,15.0,1
23,1385.51,54
1,1456.79,107
29,1132.03,72
3,598.57,26
23,1555.32,78
74,775.94,62
80,5977.7300000000005,87
199,2273.68,124
120,640.76,20
18,10845.550000000001,476
66,1548.7,106
73,567.36,11
18,199.48000000000002,25
22,787.85,21
31,7121.95,75
82,675.3,12
113,3627.77,108
317,1308.48,17
121,789.0,17
123,1140.93,53
15,350.9,21
83,3536.82,268
78,795.12,51
217,487.02,19
201,860.12,54
46,10736.48,134
261,775.85,42
178,353.43,19
160,2543.72,119
288,389.5,20
71,341.36,8
183,233.76,14
11,247.32,16
17,979.12,40
244,373.94,16
61,397.97999999999996,24
72,743.53,51
93,674.7,32
81,768.24,42
258,609.95,90
269,439.03,29
153,439.56,23
10,3090.7400000000002,166
18,992.5,60
72,134.95999999999998,10
182,2225.37,128
51,56.160000000000004,1
192,623.4,29
454,308.28000000000003,14
638,754.87,39
31,378.64,23
61,3312.25,158
1,778.65,37
204,1019.76,53
27,572.56,97
31,3639.31,172
251,222.99,15
46,4151.93,152
330,534.57,35
132,677.1,35
12,797.96,51
75,544.08,13
204,59.8,1
33,2520.02,155
157,307.72,21
60,1360.99,43
73,1544.13,38
193,457.34,26
246,621.23,39
18,75.0,3
35,252.49,11
75,572.451,27
3,28117.04,478
25,1003.06,28
108,213.55,18
134,1390.5,24
44,712.5,19
206,640.83,28
12,6127.43,304
153,221.06,16
150,159.85,8
41,1851.08,104
183,2626.3,127
109,1624.21,78
11,3641.32,157
20,582.6,29
11,218.47,74
11,1006.8,67
19,679.45,49
1,1269.1,46
75,534.24,10
25,3809.8900000000003,101
120,196.89,12
15,3408.06,167
256,283.71,54
92,296.64,13
24,1129.14,59
17,3539.37,195
24,291.88,19
27,2043.7199999999998,71
5,2976.15,443
260,590.0,2
166,356.97999999999996,17
25,1058.34,46
18,1766.72,63
6,9646.57,382
50,183.44,17
139,1445.0,27
340,151.5,9
0,674.68,41
126,307.9,17
11,1083.71,99
0,5704.97,302
116,165.0,10
22,2531.58,260
39,422.64,21
237,229.59,64
188,1431.78,86
179,1238.47,58
5,1454.58,79
201,300.95,15
46,1804.56,109
233,184.64,11
214,140.34,10
6,313.8,8
234,454.24,23
79,1122.41,69
58,575.4,34
9,8968.31,422
106,449.52,14
39,1215.82,86
96,1269.84,50
98,618.63,8
342,316.26000000000005,18
233,2044.8700000000001,48
11,653.33,35
310,348.05,19
18,1159.11,42
24,1166.77,65
289,1340.32,52
17,292.0,18
72,216.85,17
183,295.93,22
73,4393.63,215
317,458.52,26
108,2479.16,162
67,110.97,12
37,979.72,44
46,1791.56,115
261,251.21,15
216,205.1,10
74,152.20000000000002,4
73,891.12,59
22,1389.41,44
30,2128.42,141
86,659.4399999999999,38
79,122.75,8
0,3624.35,93
11,1093.65,436
90,125.80000000000001,5
47,3964.88,172
41,680.1800000000001,27
15,628.78,6
31,2287.51,223
79,307.76,15
206,483.8,22
182,210.31,66
65,270.79,76
54,5870.08,296
10,3448.29,179
32,1280.85,25
86,631.34,37
40,291.41,87
13,626.99,98
67,682.41,124
3,918.2,51
320,91.80000000000001,4
87,3740.07,109
74,4149.28,136
29,584.06,34
24,605.06,175
301,174.37,33
127,141.85999999999999,14
82,1799.33,82
85,777.53,49
145,1749.02,83
20,240.22,38
41,874.71,176
174,192.85,44
18,373.75,85
67,239.49,27
13,2092.32,341
206,1384.25,33
51,294.4,26
0,732.0699999999999,46
11,6717.34,126
6,1687.6000000000001,83
15,467.04,23
283,118.0,10
156,781.03,53
191,142.4,24
153,712.4,8
16,2478.95,174
15,379.65,21
3,1981.92,87
183,1117.13,58
66,247.95999999999998,16
109,2037.0800000000002,128
53,396.97,26
13,697.04,166
48,180.17000000000002,40
6,5153.67,247
313,219.52,19
5,693.32,99
183,428.89,23
27,164.34,27
60,280.53999999999996,43
41,678.01,98
13,1131.88,226
31,1171.8,74
25,1610.46,201
319,417.69,23
4,544.18,44
174,177.34,13
117,213.85,19
90,747.78,81
340,257.23,19
30,1638.47,92
24,7792.36,59
76,2031.78,71
144,3070.42,11
25,2121.27,146
36,1575.16,188
275,1071.03,62
93,949.12,63
53,810.5,101
16,122.64,8
75,1033.34,40
127,354.8,66
121,519.44,28
17,2624.26,146
32,252.1,5
10,1678.1200000000001,79
257,346.6,23
1,1836.34,96
40,94.2,6
46,1095.08,63
36,2707.33,166
6,932.97,56
165,379.65,49
11,382.14,16
10,2639.17,108
206,1573.2,104
35,897.76,53
180,189.47,13
61,84.65,12
150,305.02,87
11,6363.59,470
51,218.55,9
76,349.7,25
38,186.39000000000001,6
19,396.92,65
33,486.82000000000005,25
33,232.6,16
40,3722.42,195
18,827.83,57
218,59.5,3
286,67.23,30
46,3119.44,39
65,72.0,8
153,910.0,6
30,172.25,9
25,1488.32,53
26,65039.62,568
2,2504.13,90
333,151.29999999999998,12
156,308.58000000000004,14
6,2265.12,197
319,99.5,1
0,2308.06,134
145,711.86,28
69,330.79,20
268,806.41,48
272,296.88,51
50,6328.05,336
121,180.48,8
219,252.06,13
159,228.84,10
223,1079.34,105
270,138.28,21
57,1445.01,102
159,306.55,12
16,1041.68,60
117,799.9,43
274,524.14,28
132,2375.41,85
188,199.85000000000002,6
50,1980.56,104
101,1079.6599999999999,42
29,333.48,20
108,1016.14,63
136,752.6,43
159,610.59,38
29,491.86,33
25,2885.2400000000002,196
242,731.9,191
201,339.59999999999997,30
19,216.9,3
241,350.75,23
72,668.4300000000001,34
17,3131.02,321
1,1341.6,41
215,1156.36,72
163,300.04,25
697,79.6,1
159,948.25,28
54,1647.26,24
289,296.25,9
96,1186.28,76
288,741.26,35
33,282.59999999999997,12
10,2161.35,342
23,5189.52,142
12,3190.55,117
72,659.4100000000001,25
55,286.79,57
51,1070.65,70
219,306.72,7
153,1714.96,15
71,1521.76,208
26,17220.36,368
93,2796.51,135
183,2634.45,119
182,1132.13,177
82,345.0,22
25,25977.16,197
104,178.7,9
171,360.01,57
281,127.84,17
13,912.0,115
10,2462.79,31
516,230.39999999999998,7
76,309.04,31
212,348.8,45
169,1516.0,11
244,195.55,13
1,37153.85,349
117,688.86,39
283,558.32,33
244,324.8,23
139,4599.42,60
256,277.07,17
79,2635.79,137
53,924.6,13
153,256.38,10
516,112.6,7
47,1747.66,76
161,155.05,12
29,1499.01,35
95,814.5,13
43,539.0,36
31,1366.8600000000001,69
123,1579.12,57
23,4027.36,176
24,571.6700000000001,28
60,382.98,24
38,1140.35,36
145,385.64,59
41,632.0,96
19,957.66,40
6,1698.94,46
177,189.5,10
58,412.05,93
23,209.49,15
17,2202.99,74
20,52.199999999999996,3
278,384.8,29
26,834.57,55
5,271.24,19
118,691.73,174
340,85.0,1
0,3385.62,206
12,361.62,20
183,312.98,9
25,865.0600000000001,55
123,1255.0,5
52,1537.95,101
305,1595.48,93
215,2651.46,81
58,1090.14,23
1,8109.5199999999995,110
95,388.5,14
58,216.17,11
327,201.16,28
15,1245.9,76
19,2209.36,139
189,305.78,20
0,501.56,30
75,145.67000000000002,7
75,1015.29,61
301,3192.54,33
124,3104.95,307
41,2770.94,115
23,6403.25,336
2,389.6,23
359,540.45,18
38,1786.79,104
153,122.7,7
87,117.24,3
55,1281.53,36
22,3219.77,165
12,17159.52,178
12,1191.13,65
11,2674.48,142
31,787.6,59
201,506.8,28
72,243.56,16
205,349.55,19
2,605.63,40
123,416.90000000000003,15
23,1883.8100000000002,110
27,632.97,27
298,821.1,21
24,564.62,27
29,2593.07,118
51,311.16,17
326,155.93,12
17,388.52,19
95,740.95,43
73,2867.2,149
295,332.64,26
80,2369.55,122
58,2580.91,148
12,626.45,33
50,272.04,18
50,1212.8400000000001,30
30,384.81,28
352,172.25,7
54,351.13,20
18,1838.8500000000001,117
63,678.25,41
24,223.85000000000002,11
75,348.99,21
11,464.57,27
170,842.65,9
58,337.34,17
215,1237.53,58
295,307.4,16
110,608.7900000000001,23
264,922.1,31
180,376.58,26
170,158.85,9
243,71.66,7
24,568.55,45
18,839.14,49
22,5112.96,45
80,561.5699999999999,11
214,90.6,5
361,102.0,3
25,2427.32,160
12,745.06,35
177,674.45,39
188,3251.071,137
53,3515.68,20
71,439.92,25
125,322.96,33
55,1026.42,152
80,598.2,92
22,230.22,12
22,169.55,11
252,664.54,35
146,80.7,2
17,9053.94,626
19,2758.26,149
71,190.25,15
288,264.7,11
50,413.59000000000003,28
121,2526.28,338
207,357.98,10
15,196.79000000000002,15
74,869.87,54
61,200.14,11
40,1871.81,111
0,2603.43,107
27,920.51,16
0,7060.13,349
18,320.46,13
20,4147.96,234
214,1266.08,41
66,311.3,16
13,855.97,84
90,76.8,5
31,3466.36,121
40,2313.14,155
16,1393.69,86
11,3901.81,208
5,635.66,15
46,2043.0800000000002,39
135,529.73,47
44,4582.64,171
10,2874.72,84
6,962.19,30
199,695.61,42
160,328.8,11
98,473.02,34
78,505.18,39
53,917.34,20
208,4341.21,161
47,1421.61,66
1,642.8,39
5,631.9,22
226,440.0,28
281,584.07,31
63,327.7,16
61,104.82,6
145,467.66,15
19,2360.09,243
22,17286.86,250
6,2975.59,143
23,651.8199999999999,89
29,1428.02,66
285,626.65,38
177,147.20000000000002,28
79,1560.38,92
182,152.2,6
9,3614.92,235
267,141.41,21
27,652.82,209
110,1659.75,6
285,154.99,14
74,1308.6100000000001,32
161,409.93,85
17,5681.72,488
107,746.36,54
18,15610.390000000001,210
20,225.36,56
155,260.25,4
214,92.46,6
107,725.6400000000001,10
16,8214.65,1106
24,6217.96,284
267,183.6,8
23,6140.42,202
10,10464.85,111
5,1353.74,80
267,152.55,7
153,374.7,52
321,265.85,24
20,1438.82,324
152,151.04,13
20,942.26,43
305,122.47,46
41,499.41999999999996,42
66,1049.37,65
155,375.1,12
152,45.599999999999994,4
69,934.52,153
424,182.25,29
37,1018.43,181
10,4448.54,450
151,194.42,69
11,50491.81,589
57,161.0,14
325,76.32000000000001,1
24,4076.91,214
13,442.85,105
12,65164.79,5111
274,147.35,21
17,3104.17,250
138,194.9,26
74,5976.79,35
12,1360.28,79
125,216.20999999999998,21
240,1266.23,74
52,2703.23,123
90,597.91,34
73,144.2,9
1,5683.15,155
6,692.85,10
23,2915.15,160
23,1840.42,34
37,386.53,15
20,1382.74,72
144,90.0,3
11,2780.15,159
85,419.58000000000004,5
11,2740.43,167
11,706.1300000000001,15
93,709.71,44
61,637.5,46
18,1123.8600000000001,52
320,483.86,67
3,3586.0299999999997,200
305,605.64,28
39,4690.31,134
120,982.3800000000001,47
47,415.82,26
121,935.05,66
30,915.13,40
697,311.81,22
134,115.8,7
47,3742.2,11
82,4191.0,210
79,483.4,5
234,157.2,3
280,446.62,28
243,658.64,26
76,621.29,49
240,1345.62,52
267,118.75,6
0,117379.63,1400
20,432.88,48
41,507.66,41
20,4693.01,1204
127,1110.52,108
174,289.36,25
64,2445.91,52
71,1631.77,29
98,122.53999999999999,25
9,574.84,52
304,363.79,58
11,450.84,29
182,134.46,26
30,3222.3,149
298,576.9000000000001,31
87,559.41,42
29,1620.93,327
41,719.78,165
11,4748.52,240
244,452.89,24
9,197.65,3
72,2054.36,65
17,4654.08,265
11,4684.76,259
270,853.39,42
19,11349.52,579
202,1012.0,7
107,335.52,6
19,701.4,39
219,185.39999999999998,2
61,747.44,37
151,161.03,44
17,466.7,24
240,328.15999999999997,20
184,151.74,10
11,2073.43,87
106,1905.8400000000001,102
54,2241.1,112
31,1070.48,9
51,1004.38,67
12,1789.72,108
17,1839.3,59
12,2004.98,100
43,169.48000000000002,12
212,89.94,7
189,632.4,21
43,3432.8,193
178,683.17,41
123,991.13,60
111,1050.12,118
29,2232.19,67
27,3350.96,175
52,1547.2,40
95,925.71,50
43,2048.07,115
5,1462.72,35
23,775.46,159
76,3144.86,79
81,490.86,15
697,161.0,9
327,146.85,8
44,2380.85,112
90,890.34,42
95,213.70000000000002,10
235,280.55,16
128,2588.77,141
249,1693.45,108
111,1474.06,75
190,136.76999999999998,20
319,302.58,8
31,1904.05,111
11,2879.7000000000003,78
261,969.0600000000001,53
124,3099.7200000000003,106
10,12669.98,111
142,120.0,5
51,1163.45,52
18,2618.23,143
125,333.97,17
110,530.18,31
163,1516.24,55
9,492.65000000000003,29
226,112.32,10
74,437.96,33
36,559.97,29
4,1119.74,64
16,4216.2,225
197,134.04,8
20,3729.34,156
87,595.25,32
22,1910.01,27
24,4628.75,280
199,176.63,9
66,426.6,16
6,911.26,47
12,2314.65,101
32,3883.25,237
1,4871.93,100
148,1046.56,61
41,166.20000000000002,5
18,1305.33,62
53,51527.3,1637
0,3965.62,143
19,43.2,3
118,640.14,13
339,383.45,17
72,1858.96,105
52,2093.32,33
1,2995.72,180
29,2352.53,117
36,310.26,20
37,1611.59,87
107,120.0,8
45,2481.13,101
183,508.58000000000004,24
39,477.79,31
11,1530.75,123
115,605.0600000000001,36
36,183.85,8
164,311.65,12
18,5014.84,259
136,462.65999999999997,28
23,866.31,26
275,415.2,15
17,2552.21,162
17,468.26,63
17,1614.91,90
197,588.22,31
36,309.52,14
219,134.7,6
46,2182.28,129
22,668.5600000000001,21
98,889.9300000000001,71
333,108.97999999999999,6
32,1021.58,60
261,409.57,18
11,133.5,31
68,282.93,18
165,51.0,1
37,1078.96,47
127,90.6,6
90,163.62,9
454,174.4,11
80,701.23,33
44,225.77,41
20,912.18,55
121,2128.23,118
23,161.2,41
5,3717.35,69
22,9261.52,524
320,155.0,8
296,100.5,4
359,76.55,4
157,257.68,75
263,617.05,11
45,348.1,46
53,202.68,56
27,626.0699999999999,131
164,1247.69,59
10,202.11,14
297,142.4,7
75,1770.56,140
11,3212.84,186
214,1043.46,45
5,4652.82,286
219,67.95,5
61,3507.71,350
214,487.99,73
4,2612.96,87
150,574.7,25
65,4051.48,182
142,1475.81,20
109,1474.32,103
2,156.75,8
108,2157.73,73
11,2606.53,107
72,2059.4500000000003,54
123,1105.07,193
311,1063.0,14
43,770.03,43
363,122.7,23
92,1496.98,97
20,5900.28,590
23,490.22,14
26,1937.25,124
11,1058.06,206
335,387.52,29
5,813.11,27
18,4263.64,222
219,265.2,3
18,322.08,1
24,4481.67,224
51,363.34000000000003,17
80,1244.83,144
69,470.36,17
10,2255.51,382
22,1372.8,12
304,89.06,9
454,63.0,5
191,131.9,9
320,2661.24,32
43,2357.6800000000003,55
44,1712.89,51
205,1589.82,63
54,1420.2,93
29,1039.58,293
19,1163.23,70
10,375.35,20
19,907.1,258
4,483.25,40
61,662.59,109
11,264.44,62
307,119.93,22
23,3062.4,970
311,113.64,4
156,1837.92,37
111,434.34,16
149,2103.06,180
32,2004.02,240
171,529.62,6
69,1058.6200000000001,130
60,2272.4,72
18,598.76,90
12,461.19,43
64,1936.84,281
75,234.34000000000003,7
47,547.66,29
72,925.85,42
258,215.7,19
20,1309.6,10
254,316.25,18
12,279.05,13
165,636.51,30
19,2068.15,144
282,137.1,9
51,321.92,14
333,165.75,47
27,1196.33,144
275,1064.28,46
208,463.38,30
176,340.93,17
17,2383.2400000000002,120
26,139.56,7
51,123.8,6
342,538.8100000000001,19
283,475.37,29
43,1957.32,193
27,815.32,194
1,356.85,7
95,251.21,10
20,2470.67,624
11,3543.26,164
48,673.26,107
18,5905.64,799
18,2012.17,316
24,1383.18,96
23,276.42,57
12,1314.81,68
218,275.28,23
101,455.59000000000003,12
9,1055.35,73
18,2102.09,101
142,330.45,18
183,174.37,16
120,270.6,4
25,974.54,17
109,241.09,12
72,1867.68,203
20,4332.2,291
1,8508.82,972
302,364.21999999999997,18
61,620.04,229
26,2925.91,216
237,932.85,64
25,1949.72,62
2,4447.05,519
61,2864.19,330
260,171.8,19
58,355.56,10
183,388.25,19
16,537.48,32
10,996.26,76
0,1461.65,111
157,103.25,5
29,3630.33,72
25,2024.45,114
41,2578.09,399
13,4007.54,366
3,652.8,4
342,289.24,56
11,765.62,48
19,186.23,10
33,165.07,58
20,859.27,113
11,2381.04,216
58,324.14,21
86,788.38,16
17,2237.77,74
76,1080.76,69
12,5074.77,423
114,3099.12,127
111,1432.0,4
57,1530.3600000000001,33
120,227.39,12
251,218.06,29
41,2832.84,270
35,1653.42,235
666,35.400000000000006,1
13,859.71,123
181,168.63,24
17,138.6,17
41,114.11,6
145,1052.55,330
95,1042.26,100
51,157.05,29
129,237.36,19
9,1601.14,383
638,39.75,3
16,1447.14,197
57,570.46,164
22,617.99,152
301,379.83,53
20,1740.6,102
12,883.15,55
45,221.97,50
161,393.33000000000004,25
11,213.96,7
68,660.0,2
5,12156.65,2700
16,16569.5,86
60,1785.15,20
73,601.56,4
36,406.08000000000004,3
10,553.44,16
128,394.44,20
206,412.78000000000003,26
90,1788.3600000000001,92
126,320.58000000000004,21
44,889.25,134
30,225.85,13
197,899.63,53
24,2791.27,122
36,671.96,24
48,959.01,152
51,1006.98,41
263,114.56,8
267,344.90000000000003,20
269,609.85,28
51,443.6,16
32,2984.49,172
25,2125.08,106
22,110.46,7
0,96.12,2
171,693.8100000000001,31
275,830.76,26
98,597.09,30
2,280206.02,2076
202,243.22,30
35,1417.29,199
5,654.6,102
78,114.18,29
10,1947.55,237
23,1932.23,49
170,291.05,80
18,848.22,126
118,247.15,29
79,2529.93,253
87,285.74,30
27,107.95,4
29,771.17,168
20,637.89,99
31,1835.7,90
25,195.25,14
11,9241.2,573
6,1269.99,170
251,411.53,132
162,765.55,61
10,1736.4,74
17,604.75,102
79,2548.2400000000002,42
26,28754.11,258
5,498.95,7
202,52.0,2
26,1236.28,421
107,628.38,15
3,5630.87,327
209,112.8,13
33,371.7,50
35,2114.33,71
138,591.55,68
265,172.9,8
2,2078.95,130
219,188.60999999999999,22
16,1250.76,210
96,109.13000000000001,8
152,2235.3,115
11,2549.37,335
19,3292.14,347
15,318.17,22
4,1546.91,415
199,179.0,1
125,1126.37,28
16,4921.04,196
15,606.13,139
11,2868.8,357
60,917.07,25
10,2666.36,339
25,160.19,10
9,867.38,71
44,329.68,55
11,1602.13,237
31,663.81,37
148,187.92000000000002,29
11,1158.3,278
25,718.08,52
68,268.58,10
697,313.49,71
108,2005.06,501
35,380.02,45
1,2702.4900000000002,147
17,9585.91,202
12,6065.69,194
181,1164.55,17
5,1314.45,54
20,3902.28,60
198,1448.21,89
12,1400.34,59
17,1099.98,26
113,1220.26,69
250,328.2,18
35,1415.75,89
44,389.64,5
88,563.15,30
45,638.05,41
10,5010.28,235
16,738.96,38
76,420.5,19
145,1484.06,71
113,1625.97,102
298,89.2,5
0,255.9,11
264,300.52,21
47,278.3,6
60,254.11,39
66,2473.37,135
18,192.60000000000002,5
83,10674.75,1090
233,876.42,52
113,139.26,9
0,1011.9,60
52,2538.3,117
246,730.86,35
251,386.15,41
55,447.68,27
320,200.10000000000002,6
27,289.99,15
11,77.4,3
27,679.4399999999999,30
29,197.64,6
2,745.06,46
153,6.2,2
22,228.99,14
10,1319.91,80
167,131.45000000000002,6
23,8022.49,1141
53,173.74,12
52,157.7,13
30,4339.74,385
91,193.14,59
98,845.55,44
332,353.27,12
16,554.65,47
76,193.39000000000001,11
40,2741.17,235
41,2087.88,255
577,155.43,30
274,778.5,53
198,271.85,4
160,1110.34,63
74,657.8,48
183,272.07,13
22,507.29,29
485,48.800000000000004,2
4,321.43,70
11,1127.71,29
16,2226.91,121
162,2139.76,17
60,697.55,42
54,197.13,40
0,1720.3,67
11,102.44999999999999,6
31,1649.5,108
268,62.85,4
30,3295.76,138
44,2824.69,145
6,3189.81,130
149,309.4,13
2,7930.54,388
342,325.75,21
24,511.35,28
0,2836.69,143
5,475.8,9
68,2759.83,127
2,645.65,20
57,1311.3799999999999,66
30,1173.12,60
13,1353.74,58
20,170.32,11
53,125.79,6
26,841.1999999999999,48
60,266.76,11
301,52.2,4
11,14389.9,99
157,710.28,36
22,2953.59,144
104,725.7,71
262,327.25,13
179,522.38,98
211,519.68,28
108,1465.3200000000002,47
4,1485.54,124
78,706.19,47
20,255.4,17
27,589.7,11
5,761.59,53
132,765.3199999999999,15
340,364.8,18
80,1862.0,6
208,369.2,20
162,135.9,10
254,125.65,7
149,554.38,33
10,1237.8500000000001,73
86,655.75,23
41,11138.710000000001,498
205,468.77000000000004,43
1,1366.38,55
24,1303.52,116
1,1421.29,96
26,332.66,20
22,2810.63,355
26,1025.44,69
217,616.15,17
29,3501.1,165
75,277.8,9
26,434.35,30
0,143825.06,5675
17,867.85,27
37,1227.43,87
92,307.48,12
71,1268.98,77
116,1610.15,45
35,977.77,57
90,1316.07,78
51,749.1,44
128,310.05,10
152,223.88,11
68,2372.86,128
23,1257.68,41
454,363.53,17
82,1890.94,87
298,1784.71,10
98,8137.02,364
57,1621.88,34
60,5900.25,170
15,100.9,3
73,290.82,14
24,1101.97,63
20,371.2,19
80,311.69,20
1,8099.49,138
26,289.82,55
13,336.17,85
254,58.49,12
128,499.68,42
110,695.42,59
172,221.27,27
11,7044.68,312
271,126.7,5
10,1487.8,198
189,206.21,13
245,599.0,83
15,191.32,38
50,463.8,6
90,147.59,37
138,1592.06,34
44,1116.57,160
277,114.77,18
108,1314.45,32
302,114.39,21
58,279.94,11
58,790.86,72
73,1931.42,216
159,102.12,8
4,213.27,41
199,296.75,87
16,326.4,4
5,334.54,40
251,233.23000000000002,61
1,546.1999999999999,26
6,429.87,75
48,490.52,77
116,1641.76,115
148,1246.32,158
16,6316.57,1119
52,502.09,144
278,156.91,12
13,1261.78,182
243,308.94,20
54,423.04,128
44,260.17,35
173,170.04,20
182,125.58,20
333,496.21000000000004,31
267,266.0,70
27,1914.82,472
12,905.04,135
40,6802.76,562
10,1661.33,155
182,377.01,72
81,469.0,61
90,1066.1499999999999,35
43,627.13,48
72,518.28,7
90,668.14,111
257,4959.1,52
26,2586.67,510
16,4308.61,394
31,252.73000000000002,27
73,465.55,127
0,705.49,130
10,19914.44,1502
171,180.35,67
200,135.93,5
121,537.0,3
6,7700.2300000000005,453
33,735.66,12
10,5213.7699999999995,206
270,343.62,22
117,384.05,97
37,121.17000000000002,3
26,1782.09,78
3,1391.61,143
320,215.78,30
186,697.79,71
13,302.1,114
98,1489.5,25
26,2124.9900000000002,276
41,1337.72,237
10,303.09,121
5,54534.14,403
72,987.86,57
66,370.79999999999995,5
165,3158.13,155
54,893.59,42
79,1744.76,82
47,553.36,104
180,1109.53,70
666,106.2,1
98,982.07,26
10,1043.41,54
106,748.87,42
78,773.03,27
173,880.85,49
12,9743.11,440
35,895.61,47
23,504.8,33
257,88.2,5
282,306.94,15
22,1160.07,57
11,2420.84,145
252,381.32,23
275,480.71,30
127,457.81,26
19,4597.02,108
104,1370.6,47
43,219.39000000000001,11
212,248.08,25
65,39916.5,3
85,410.48,23
70,876.0,3
332,317.53,8
87,703.36,35
197,1027.44,69
19,2298.93,101
5,1422.52,100
39,319.5,16
142,1300.25,60
128,484.95,28
24,996.1,35
60,1567.48,84
10,3609.33,100
38,2760.56,197
19,340.11,21
18,1352.75,45
15,1551.78,79
135,244.8,1
128,266.4,14
134,358.82,21
51,457.72,28
115,1633.78,82
207,2199.31,106
23,184.19,15
26,11528.48,127
214,406.53,16
61,1471.0,102
51,3447.4,84
170,330.11,22
19,977.9300000000001,52
38,982.42,29
15,1387.99,73
240,139.05,9
23,1286.7,68
162,178.96,13
53,2354.25,80
47,498.74,26
226,259.45,14
0,6580.44,217
44,1194.73,67
165,1327.16,91
241,623.5,28
11,301.29,20
134,520.8000000000001,23
18,5314.47,343
10,4745.69,271
121,329.25,22
76,296.42,85
120,961.49,55
125,1936.07,125
46,401.40000000000003,7
19,18641.010000000002,710
358,158.16,4
19,304.47,29
209,843.05,103
697,487.75,27
321,163.0,41
26,106.56,5
9,1289.5,5
71,1624.05,110
323,135.75,11
72,224.14,23
261,40.5,3
19,2206.95,93
516,87.5,6
176,689.4799999999999,16
125,622.85,29
60,406.76,63
71,310.62,21
15,411.41,19
16,4777.18,91
6,16225.39,212
2,1044.32,51
61,499.32,19
79,7616.53,310
151,3861.0,1
11,1079.6100000000001,32
123,193.64,10
30,1268.7,13
88,1236.54,69
26,1827.8,142
358,316.58,9
86,653.24,37
11,420.29999999999995,9
120,870.12,42
226,331.18,20
61,894.4100000000001,52
6,101.8,5
319,328.35,24
11,1661.44,110
47,734.94,35
88,96.6,2
11,5756.89,166
177,305.75,9
52,1778.96,117
485,403.25,5
319,585.0,5
226,755.75,20
359,322.08,14
235,409.40000000000003,23
311,154.41,8
127,1219.4,58
170,3386.71,125
240,429.6,23
114,612.06,31
129,197.0,14
159,2247.51,143
299,321.05,15
79,1412.32,99
60,1071.99,50
11,780.59,49
6,1706.57,78
74,1756.44,110
75,316.68,22
214,631.57,34
135,2515.84,89
239,514.15,33
93,356.0,6
2,6688.46,350
3,10484.99,111
95,740.78,44
1,918.1999999999999,53
246,300.36,18
244,890.85,47
149,98.45,6
341,317.15,7
169,623.16,34
101,1810.77,77
136,254.82,19
324,178.95000000000002,10
107,156.51,12
183,393.74,23
33,1506.1200000000001,82
223,119.3,6
0,1717.36,11
24,408.8,2
16,2379.49,41
4,2507.07,274
58,721.94,63
19,716.57,47
302,615.14,41
244,135.31,52
47,255.89999999999998,12
355,290.51,19
173,113.12,16
0,2332.15,139
50,240.55,3
23,486.69,20
44,2306.52,88
60,939.78,58
43,7943.22,204
4,4668.3,103
202,180.94,25
35,3672.86,194
11,641.94,39
11,4799.9,192
165,4507.01,7
183,496.44,28
51,5070.35,243
291,574.02,31
61,694.4000000000001,23
123,1174.35,58
215,205.3,12
68,310.47,19
0,60767.9,2379
76,924.85,47
111,52.0,1
200,327.97,24
117,570.5,37
327,165.0,1
181,312.62,33
341,204.5,16
45,267.13,36
71,2748.31,95
86,679.68,42
104,162.29,49
70,311.71,29
53,208.75,10
40,1049.7,57
61,714.96,13
485,1661.06,35
209,1028.56,16
164,351.67,99
54,173.97,36
244,574.07,86
81,2020.52,17
305,406.09,24
88,364.5,21
75,563.94,26
46,393.54,20
39,252.42000000000002,17
485,201.60000000000002,5
73,158.04,9
218,473.81,72
697,115.65,5
13,1960.1100000000001,225
255,777.02,63
54,277.05,14
72,2766.5,519
1,8347.2,551
40,427.93,13
362,418.92,7
666,326.0,16
215,913.19,29
26,2314.32,114
76,602.51,44
58,1877.59,95
22,446.94000000000005,4
30,2386.05,94
138,2007.3999999999999,27
19,2415.91,132
277,168.0,3
41,1233.3600000000001,117
98,3703.29,194
47,1690.2600000000002,36
66,596.85,8
15,5955.71,302
170,642.41,41
41,316.88,12
187,394.14,31
271,140.54,10
173,500.0,1
1,1535.53,84
17,231.86,12
10,2183.54,85
326,107.45,7
113,288.18,14
290,94.0,6
17,1345.53,73
23,815.77,50
114,716.2,12
149,626.77,42
279,349.1,8
38,510.71000000000004,53
95,1056.44,153
265,267.18,34
85,3450.84,122
27,1358.88,99
172,190.53,10
10,774.9000000000001,39
314,572.8100000000001,48
156,3984.32,192
86,508.8,28
25,135.86,8
0,950.36,53
324,97.7,6
333,43.5,2
255,383.34,17
20,1447.39,292
48,1483.14,306
16,93.78,6
27,397.35,82
24,171.19,10
66,533.3,41
108,1041.48,55
23,149.29,29
13,1122.53,329
263,200.16,45
132,156.57999999999998,25
55,383.68,62
220,594.0,2
13,3236.91,382
10,1418.26,219
265,113.5,5
331,155.17,9
313,494.64,28
27,974.52,60
90,429.84,30
60,538.73,58
57,1388.37,286
363,179.1,25
341,447.22,60
263,237.07,58
26,161.64,7
355,216.76,58
144,234.6,11
60,126.14,7
223,1048.85,157
4,7354.62,97
86,334.53,57
10,524.88,52
52,467.51,24
32,538.55,24
151,469.48,77
114,371.56,76
0,1771.2,11
78,454.10999999999996,29
41,1441.42,46
117,905.5,45
16,11054.96,98
267,233.81,88
19,3594.31,188
90,2575.0,86
123,91.32000000000001,2
5,1134.28,50
101,3100.09,154
29,659.4599999999999,35
150,2001.8,297
22,1299.23,125
18,1262.2,15
5,13316.4,512
19,1131.56,68
16,10384.93,213
363,147.09,70
82,52.83,13
53,3610.96,97
23,979.26,164
172,492.36,46
226,1000.27,92
331,250.0,1
12,909.23,160
156,121.0,7
5,14758.220000000001,308
13,4139.46,178
45,62.43,15
234,267.03,27
39,1942.45,214
120,343.5,18
35,3000.2,185
88,398.84,57
85,412.01000000000005,10
25,440.0,1
18,825.92,178
182,148.44,4
19,2429.78,163
255,229.33,26
23,3995.23,672
22,1502.35,108
90,2007.44,228
26,1580.93,256
20,807.57,83
174,536.4,75
164,110.92,24
301,538.46,41
12,213.3,15
115,85.13000000000001,29
289,127.86,28
2,3546.71,259
55,292.71999999999997,81
31,4954.84,702
78,1693.26,115
38,575.63,61
274,436.06,29
188,90.12,17
61,437.23,56
160,217.2,14
0,4805.17,899
25,279.77,31
29,473.65000000000003,20
12,800.59,27
352,134.55,1
23,1400.44,113
51,173.16,8
19,186.01,7
45,758.29,53
39,1375.71,31
11,4165.52,323
12,650.4300000000001,57
26,2552.86,215
86,607.45,104
178,702.25,168
302,940.6700000000001,45
33,258.88,39
163,127.1,13
303,348.6,51
32,3679.9700000000003,149
25,682.9100000000001,44
24,725.11,123
177,455.3,31
31,913.6800000000001,9
256,478.53000000000003,29
47,388.58,24
71,199.8,5
16,1771.78,103
96,1406.59,77
243,324.57,22
54,240.68,14
27,761.74,52
12,6776.56,410
23,1297.8700000000001,46
79,48.480000000000004,2
53,216.39,17
31,1198.23,67
2,2920.16,77
162,104.76,13
29,1093.68,60
126,298.48,16
52,112.46000000000001,6
10,1591.45,43
91,195.15,6
11,10399.74,423
123,776.851,45
11,336.40000000000003,3
57,1553.18,100
12,1293.03,16
44,3709.56,185
142,301.03,19
117,588.13,34
104,1534.26,64
75,675.8,49
25,2870.2400000000002,155
46,1186.35,60
16,3285.31,167
18,243.55,15
31,724.76,25
53,223.36,15
135,425.32,25
17,12515.66,484
106,1887.2,119
310,664.0,33
167,813.0,238
19,612.01,52
159,447.64000000000004,35
205,657.35,25
162,816.0,2
261,646.3,32
92,337.74,21
116,877.4399999999999,6
10,922.53,21
67,560.67,34
46,748.5,47
23,30.0,1
198,1024.1000000000001,48
44,306.45,11
26,1600.86,90
223,309.8,5
107,138.14,9
51,386.43,17
67,2242.01,116
40,301.32,13
188,76.32000000000001,1
41,684.34,33
297,173.05,12
19,2657.13,78
1,2881.02,155
66,2446.6,114
82,323.69,21
19,3435.76,202
50,657.23,33
53,352.7,12
25,781.28,110
10,1333.68,78
26,1426.16,53
118,193.75,10
24,2993.1,166
2,254.1,9
101,239.76,19
340,136.8,2
29,191.04,12
26,6479.4,78
267,409.98,22
80,2736.46,171
18,309.65,18
173,696.68,86
74,1542.14,237
265,211.5,5
127,2293.62,117
202,143.1,6
76,1060.56,55
44,945.58,214
41,3364.2400000000002,288
341,133.25,6
10,1072.3600000000001,53
144,356.7,19
12,330.88,35
146,1118.81,118
235,150.3,7
152,5045.61,937
25,598.73,128
12,507.08,91
109,2222.56,69
424,203.1,41
202,218.25,11
16,415.25,32
9,5178.96,302
35,85.0,5
123,1120.88,70
35,294.12,14
310,162.3,10
115,1339.45,26
15,1205.1200000000001,72
19,4812.42,173
244,449.12,8
50,154.88,9
17,784.46,88
78,34.8,3
20,1094.59,62
135,196.88,28
13,974.04,93
41,149.31,21
39,44534.3,10
16,2465.48,293
40,2637.38,411
130,79.2,1
52,458.57,28
1,2364.25,141
64,532.96,192
188,714.42,45
25,205.25,9
219,253.04,7
78,583.75,37
78,1086.92,61
1,3279.97,180
183,315.06,11
116,621.8299999999999,27
41,56252.72,130
242,635.6800000000001,10
303,270.8,25
128,104.9,7
134,241.62,18
6,1047.11,21
36,475.28000000000003,29
26,345.46,20
10,2614.7400000000002,43
11,246.3,14
152,2328.9700000000003,83
47,4932.2,267
27,948.05,206
359,351.3,25
11,220.85,35
44,1612.69,75
15,965.61,12
150,610.01,42
18,2711.56,133
96,2207.4,8
76,884.14,98
108,699.08,119
47,1063.95,64
143,451.42,1
52,415.82000000000005,8
12,4206.39,262
24,5528.4800000000005,301
47,784.58,31
51,903.9,48
191,3734.9700000000003,208
69,515.77,35
79,1391.98,89
23,2218.62,133
33,1801.14,41
208,1303.9099999999999,40
17,1945.33,72
35,2100.6,49
50,1905.45,123
320,206.98,17
45,570.96,62
181,885.47,33
666,15.0,1
173,532.94,20
57,1654.31,68
74,1836.0900000000001,115
141,636.14,51
302,576.0,39
0,801.76,68
255,836.79,54
71,2233.75,273
45,954.09,50
51,137.37,10
183,391.98,24
12,33643.08,167
81,1048.49,62
0,355.56,27
73,1224.06,47
99,118.95000000000002,8
47,130.73999999999998,11
18,3711.77,138
289,389.27,22
20,238.85,97
187,160.71,22
52,110.8,30
87,2974.65,140
95,712.24,80
33,16387.57,645
19,297.0,14
16,1438.85,191
41,977.21,142
13,3165.36,546
113,832.88,147
26,68.84,18
23,1936.3200000000002,20
1,895.13,40
102,230.53,45
23,3812.64,461
160,149.64,15
152,354.09000000000003,76
15,360.93,128
128,4405.88,120
18,493.28,129
577,343.28000000000003,105
313,501.39000000000004,29
199,516.36,23
151,396.48,49
123,379.35,18
61,181.09,12
81,168.31,12
186,446.87,93
227,524.52,62
254,263.55,41
150,179.17,11
195,222.05,24
120,1388.88,86
546,56.25,4
24,351.11,51
17,363.88,116
10,5126.76,74
332,164.68,30
20,1567.69,150
177,967.45,249
174,191.94,7
16,1232.18,267
179,264.62,19
17,1528.09,155
189,123.1,12
272,334.23,40
20,639.89,143
125,167.5,60
173,336.03000000000003,25
697,369.5,11
666,127.08,21
195,207.15,12
275,426.63,21
1,2495.87,115
22,1107.46,74
6,416.86,12
183,145.35,7
113,404.58,18
4,6115.01,76
342,35.8,1
134,337.44,14
129,325.1,6
454,181.0,2
83,1708.24,29
44,955.24,60
17,364.72,19
79,1765.51,98
286,708.22,41
182,806.57,91
5,1659.3799999999999,98
25,4416.26,183
121,428.89,42
75,104.35,7
20,470.76,28
18,845.64,122
24,418.83,84
50,666.1,20
99,314.1,11
1,4199.85,35
485,307.82000000000005,4
5,3442.15,176
85,371.01,24
166,430.94,98
18,1054.73,65
78,1098.78,49
1,2398.86,43
6,3408.48,97
23,1475.02,113
72,2837.67,270
124,1142.42,37
90,168.12,14
13,1451.28,140
20,158.03,27
45,792.11,52
181,41.989999999999995,3
17,2797.57,552
55,427.07,35
1,1060.68,130
88,3089.97,506
151,12393.7,9
60,2735.37,103
13,615.39,218
5,101.4,8
4,1701.94,385
24,478.78,33
23,992.71,90
128,407.5,86
2,3362.71,212
156,1415.29,94
2,37130.6,139
64,662.38,145
27,705.39,182
16,1508.76,235
48,211.88,32
4,408.90000000000003,28
47,3786.2400000000002,160
17,851.01,46
261,628.28,76
47,719.81,101
13,251.24,64
60,439.65999999999997,28
44,236.09,32
69,934.62,16
30,81024.84,242
283,331.24,29
123,548.94,100
5,8816.4,1137
39,437.7,22
88,758.92,55
130,855.02,39
178,471.78000000000003,26
149,1313.55,65
90,3166.4,6
23,1197.27,71
5,773.99,39
2,1340.7,83
697,256.44,8
41,1111.79,312
174,137.9,10
55,362.06,34
93,1511.95,84
146,783.9,70
280,134.8,8
46,664.85,68
5,2263.12,121
72,1459.8600000000001,180
6,1153.62,64
261,335.32,23
454,372.09,74
17,1521.87,102
23,852.15,33
45,326.24,21
289,584.3199999999999,23
298,122.39999999999999,1
23,2234.73,129
341,79.2,1
17,1352.0,21
68,217.16,10
57,2806.9,227
101,1317.62,31
300,436.18,38
0,981.51,167
30,1121.39,39
125,315.06,18
115,817.86,51
107,17.0,1
12,1078.23,63
265,320.62,12
241,185.04999999999998,10
88,2005.63,67
51,731.9,39
71,1290.7,76
43,1842.14,57
80,1429.64,48
91,302.36,29
220,336.96,13
214,108.38,6
18,3204.1600000000003,31
85,842.5,48
219,611.88,18
46,1337.48,354
70,195.73999999999998,16
95,161.38,30
171,135.75000000000003,8
4,1667.97,284
5,612.78,34
279,232.21,30
73,423.36,16
30,1309.14,30
58,867.11,212
39,684.4200000000001,38
52,307.78,16
318,249.0,11
516,289.35,13
60,6287.77,117
40,656.25,40
18,1880.22,89
52,3506.54,78
17,14589.04,338
22,618.09,35
263,517.55,21
30,709.38,37
19,635.41,31
214,725.18,35
1,620.4,30
250,535.34,37
35,2424.94,117
159,175.2,1
3,3799.4900000000002,224
204,734.13,29
134,375.0,22
297,76.32000000000001,1
143,280.52,18
1,2053.02,117
269,1829.04,29
50,1824.23,89
25,3122.04,130
16,656.69,18
282,348.2,14
86,1025.44,20
15,5575.56,474
340,37.4,2
233,856.6,6
18,822.48,34
3,3787.6,98
40,1822.97,85
51,1885.05,125
30,73.2,3
6,1140.21,69
16,1418.32,84
33,1009.5500000000001,23
170,1037.59,58
51,331.95,15
139,197.9,8
61,215.83,11
101,10254.18,162
74,305.54,11
73,6617.65,28
275,338.71000000000004,15
5,1158.79,45
17,529.41,31
5,4006.94,218
52,6911.4400000000005,295
36,981.86,67
16,215.48,11
41,215.08,6
12,5180.52,134
237,314.45,19
76,400.68100000000004,15
165,1080.6200000000001,179
22,1863.47,111
361,365.27,18
0,592.9,35
24,405.71,57
90,761.38,98
55,537.0600000000001,63
26,394.38,19
45,664.26,66
1,2262.62,46
10,21086.3,123
1,547.02,23
20,690.34,41
79,159.0,6
171,1062.75,44
81,242.35,14
268,914.9300000000001,37
236,304.25,15
60,3084.68,84
98,864.86,97
319,846.72,137
58,1295.3,96
45,1096.32,134
204,255.12,8
226,314.22,6
35,1010.6,47
279,542.03,35
44,990.88,37
72,536.6800000000001,22
39,867.31,46
79,432.2,20
57,414.2,19
25,3718.8,135
0,2607.87,662
19,3603.21,294
55,409.1,51
5,1522.75,91
24,1413.66,90
171,114.56,16
91,152.94,7
53,1800.07,69
262,389.44,24
244,3683.86,123
17,2619.91,270
267,752.4300000000001,13
177,46.95,2
46,5203.51,135
51,1035.45,18
18,746.83,124
10,5447.0,258
74,861.89,61
72,667.65,45
354,1141.24,54
16,1429.24,133
117,411.7,25
697,357.95,67
197,559.87,33
177,810.6000000000001,6
101,566.38,23
22,1509.58,107
73,2062.06,17
253,168.3,11
32,1570.81,166
51,823.97,109
170,142.5,8
63,302.25,17
22,2248.9900000000002,118
0,1328.55,79
269,301.9,20
23,598.2,27
216,233.22,11
26,5360.63,162
139,361.21999999999997,22
38,632.27,41
108,2560.0,4
107,706.57,42
18,616.26,37
50,274.15000000000003,16
331,226.37,14
98,2938.91,151
2,1341.65,69
243,328.15,19
188,404.40000000000003,3
66,1038.46,56
73,373.65000000000003,12
120,326.75,37
197,207.50000000000003,1
178,428.68,118
47,594.24,18
16,3110.96,319
15,3844.22,319
18,251.91,39
29,1593.2,153
124,26626.8,45
274,151.05,10
217,214.79999999999998,11
285,109.95,20
108,549.07,153
25,1971.87,77
76,322.41,15
17,370.47999999999996,47
247,101.10000000000001,2
45,575.41,38
12,887.65,92
79,1469.45,235
291,53.5,9
22,1116.47,57
39,153.9,8
18,494.44,28
9,6675.71,94
74,395.8,39
160,211.77,31
66,658.88,34
80,2027.5,109
9,1750.92,66
1,3512.53,662
10,896.66,106
30,734.77,81
54,109.36000000000001,5
12,707.04,53
3,1540.42,51
19,327.3,18
302,804.49,130
29,497.43,76
19,1553.66,118
65,1320.56,228
182,367.93,97
244,473.03000000000003,111
18,987.01,125
268,676.2,5
189,362.95,23
19,2157.4,108
91,1780.59,32
75,668.36,102
31,584.5,33
61,555.89,59
29,317.2,88
323,94.36,4
54,1382.07,34
270,221.19,45
12,3046.21,330
57,1555.34,83
61,1486.9,210
125,1705.8,82
20,408.57,73
184,303.93,29
15,4098.32,186
265,299.6,60
313,177.5,10
71,443.05,23
69,167.25,5
19,163.07,62
13,2126.93,172
3,2028.88,232
20,214.65,45
54,151.83,35
57,262.2,31
22,126.25,7
45,210.35,54
27,1051.4,71
45,675.27,102
98,972.23,51
18,34684.4,369
25,346.12,18
338,133.56,5
69,302.7,21
22,1908.25,372
264,241.06,9
107,284.55,2
58,300.85,6
66,642.81,83
183,287.4,8
29,184.26,17
48,1522.25,109
27,798.35,132
52,3640.67,282
275,381.2,24
120,616.79,174
47,654.67,84
182,230.51,63
89,168472.5,3
136,259.01,36
199,188.89000000000001,20
198,707.69,40
150,311.92,11
88,266.97,14
45,6.9,2
153,1841.18,99
104,2158.37,111
219,208.36,9
1,3482.7400000000002,202
29,814.72,135
178,151.42,33
74,136.0,3
22,1422.4,82
20,1314.68,236
4,1603.46,148
75,74.9,2
24,650.43,182
52,762.39,170
68,223.95000000000002,13
162,316.11,18
18,1871.5,360
1,544.3,28
68,2494.46,146
26,331.0,17
11,300.83,35
76,769.29,53
16,220.62,18
193,139.35,19
174,404.3,25
78,363.65,42
115,498.8,29
47,731.5,39
80,1351.63,56
297,826.53,50
129,684.41,97
208,1599.52,95
50,2965.69,136
163,100.97,15
361,365.45,19
17,400.86,11
96,1431.93,84
26,484.38,86
121,777.6,4
20,90.30000000000001,3
297,363.7,13
666,248.1,13
22,950.26,169
20,874.59,35
3,1627.13,113
90,101.69999999999999,6
160,162.7,17
91,484.32,40
26,215.07999999999998,13
187,1046.57,156
16,9418.470000000001,290
9,13027.45,183
172,290.36,15
82,228.06,14
181,244.41,17
307,455.25,30
23,1244.59,77
18,6748.8,4
20,1095.56,177
242,593.75,31
111,548.97,55
151,1388.81,45
54,119.62,5
165,339.3,3
291,787.15,25
11,4154.64,981
109,2298.97,251
162,922.12,32
36,379.73,17
68,5719.82,84
9,837.1,52
110,285.89,17
106,3313.79,207
25,281.85,11
23,8338.49,460
27,841.41,56
30,511.12,31
54,1077.74,19
424,173.7,3
16,614.66,18
162,865.6,35
181,124.2,5
16,3738.4,126
27,1421.69,87
33,1009.6,57
85,663.61,42
72,451.44,28
65,105.84,9
114,313.62,6
697,233.45,14
81,936.08,28
220,463.95,8
233,225.15,13
72,459.24,33
303,213.5,10
13,4113.68,216
51,330.03,27
76,181.09,53
91,360.16,85
16,250.15,12
212,90.04,7
286,145.04999999999998,10
17,813.52,62
41,244.79999999999998,31
274,528.08,29
75,482.47,34
0,3347.71,172
3,5493.46,276
249,75.66,6
187,129.49,10
2,1187.66,66
71,618.59,30
65,506.19,26
16,500.42,33
236,151.85,5
121,2647.59,96
264,226.21,14
181,178.96,9
52,813.48,29
128,129.45,5
81,810.5699999999999,48
68,333.08,23
23,4413.1,179
80,322.8,20
60,2188.05,117
74,417.73,64
4,2883.1,152
339,217.9,9
61,1154.47,69
23,1680.72,94
121,1257.51,50
106,231.10000000000002,12
208,688.33,34
128,487.51,27
35,833.78,62
170,214.06,14
43,290.65999999999997,19
72,518.42,24
0,6773.97,118
17,1212.66,69
142,601.27,29
9,3794.52,261
3,8625.8,73
10,933.62,208
546,123.24,8
279,39.12,2
17,1267.6499999999999,16
363,135.39999999999998,9
20,118.98,32
285,570.13,53
16,306.71999999999997,20
24,1374.8700000000001,160
17,4095.9,252
29,1692.27,6
6,8134.9400000000005,114
55,319.61,98
66,1592.1200000000001,89
2,3109.99,163
485,129.75,3
44,183.7,10
73,1770.34,44
58,1028.0,30
12,66653.56,277
91,324.24,62
48,3062.83,585
11,1260.86,62
76,422.59999999999997,13
73,225.57999999999998,12
257,1276.0,3
272,482.01,60
66,657.9000000000001,10
6,112.75,21
227,1998.0,5
3,5076.55,308
9,5398.3,144
6,14034.99,270
115,531.35,123
46,656.63,27
85,3029.87,79
20,2483.04,402
27,1651.03,22
10,3645.43,447
6,6923.13,624
219,1161.53,93
79,301.71999999999997,19
267,901.2,2
24,3858.38,199
577,623.75,45
15,1790.42,201
27,155.24,27
263,292.47,37
18,4730.81,225
92,589.15,43
69,781.02,151
27,1382.02,185
424,272.82,46
47,1054.67,269
6,7239.92,660
53,743.11,82
121,603.75,28
53,650.51,53
79,2300.56,125
54,417.59999999999997,1
298,3.75,1
177,323.0,13
47,464.9,1
5,2238.09,191
12,1304.76,242
2,7194.3,357
2,6697.66,449
275,836.06,42
18,1515.9,69
45,623.93,95
90,1764.72,25
666,207.5,9
0,223.92000000000002,34
666,2002.4,2
115,1496.83,170
96,239.4,13
319,106.83000000000001,7
214,369.34000000000003,22
90,789.79,42
245,316.62,13
20,1501.38,89
199,611.85,23
10,2799.25,706
295,34.0,1
37,1145.6,34
65,5580.6,222
48,478.09000000000003,54
261,380.39,40
58,770.1,145
76,2246.81,255
58,171.59,26
117,661.52,48
11,1695.66,158
61,388.28,76
81,226.35,50
68,245.94,16
9,10629.720000000001,333
101,425.19,60
666,311.25,17
11,2279.9,190
20,107.6,3
124,597.48,155
332,80.8,5
17,1545.6200000000001,93
39,1721.78,320
310,110.38000000000001,12
58,243.84,16
4,1222.71,285
454,414.88,66
31,305.62,18
12,1201.49,164
37,1619.73,76
214,332.3,24
24,536.99,60
174,460.59,98
104,801.49,103
127,1121.59,67
68,288.42,23
24,914.69,149
193,309.54,15
18,547.07,28
361,479.35,15
51,1692.98,449
6,6509.1,324
104,417.06,28
37,1604.75,86
11,3349.57,188
215,497.61,26
228,358.38,38
16,460.64,26
157,775.1800000000001,28
52,341.7,22
113,128.5,8
186,197.22,11
333,325.91,23
126,199.15,12
100,1106.53,47
228,413.46,24
277,180.85,10
40,251.87,11
30,3170.98,165
198,588.85,25
1,16594.35,266
66,1869.82,116
69,1264.19,63
6,10196.57,378
51,214.32,11
44,193.44,12
53,281.42,14
187,124.57,8
70,332.41,19
43,342.45,20
11,144.91000000000003,9
24,328.4,19
15,35.400000000000006,2
546,375.69000000000005,10
145,747.81,52
30,173.76,6
121,502.8,26
64,207.73999999999998,11
23,825.42,128
23,2812.34,137
78,680.02,7
91,7123.62,279
145,2095.53,112
13,853.72,159
85,13.3,3
64,1519.08,178
244,432.0,1
240,705.12,39
218,276.73,38
302,429.84000000000003,26
16,471.51,101
243,194.88,37
67,1578.67,135
120,809.7,203
16,525.54,99
485,145.93,45
183,219.14,69
300,289.78,37
27,508.81,162
20,1281.56,125
17,887.11,79
117,1706.88,44
60,373.24,60
60,3754.27,710
20,3102.43,208
82,579.77,93
60,981.65,151
73,379.14,18
10,1510.06,547
29,2575.38,101
291,113.44,8
274,208.46,38
10,621.6800000000001,57
24,576.26,143
129,391.52,9
50,1068.82,128
6,2596.45,327
91,169.79,60
13,7247.61,672
22,846.75,83
638,230.25,14
116,543.05,6
32,2847.6,209
18,1295.39,77
27,380.55,54
20,4604.22,898
54,161.94,53
120,563.23,44
55,950.9300000000001,62
26,262.68,57
4,2736.38,241
53,3049.88,305
13,1920.59,281
5,816.73,33
0,4345.5,249
236,406.48,21
139,435.02,19
41,1286.27,60
57,1178.56,42
130,1277.75,86
110,167.61,16
90,20.8,1
17,2085.08,54
126,518.67,25
18,308.74,16
240,416.64,16
88,117.35000000000001,7
61,507.05,101
117,234.17,14
218,110.55000000000001,7
227,201.19,26
16,2154.97,28
279,319.02,21
108,439.43,31
40,650.41,42
333,357.21,41
268,251.51999999999998,2
78,344.33,39
18,1852.0,89
256,1078.96,87
61,384.06,22
4,1931.25,148
1,4481.35,407
1,5464.12,120
60,1873.2,3
43,1625.05,129
242,126.12,7
3,1133.25,12
219,179.0,1
11,1614.31,93
63,1456.96,37
283,702.0,12
130,295.0,4
24,484.82,23
23,3989.57,169
86,1493.73,49
47,1412.94,44
19,781.78,44
51,889.9300000000001,52
19,195.36,11
90,270.9,15
152,586.33,74
29,1842.56,217
10,8694.26,252
41,920.1,16
12,1272.61,234
121,71.0,7
46,95.85,3
61,357.77,9
157,154.82999999999998,4
79,890.29,153
111,716.0,2
153,146.87,11
12,380.35,22
87,1030.14,28
17,745.52,30
128,433.53000000000003,28
88,1267.32,75
90,112.4,22
138,449.73,15
27,1081.57,70
63,1044.3799999999999,98
52,1735.18,102
26,948.48,6
114,339.44,22
217,642.02,22
86,1100.9,65
9,925.35,43
22,5659.9800000000005,318
190,3228.84,316
195,247.14000000000001,43
29,413.75,92
336,498.48,13
29,1356.33,83
82,1179.89,62
60,3095.04,516
267,234.24,5
74,5232.2300000000005,99
314,538.37,70
22,1461.14,78
0,859.35,62
13,4552.14,296
29,2709.7000000000003,143
115,312.14,64
1,2429.03,140
18,1446.09,174
18,834.12,77
37,841.0799999999999,25
274,378.2,28
79,118.80000000000001,2
23,287.62,8
26,290.16,64
182,2003.85,81
99,1405.78,52
243,2949.75,162
124,1566.65,187
25,2050.08,96
29,1991.01,115
1,2043.95,63
121,3827.76,195
51,1777.78,125
323,302.0,14
23,1324.16,74
0,1022.13,48
11,954.42,211
19,971.74,65
11,1621.73,42
262,25.5,1
191,665.78,90
76,10815.43,418
45,885.04,117
166,163.29999999999998,12
48,248.61,30
100,808.62,127
65,837.5,39
289,116.19999999999999,9
318,157.02,10
30,606.91,35
234,307.46,18
2,138.32,7
337,345.29999999999995,9
157,298.89,32
51,259.35,40
64,1004.75,260
100,157.09,14
48,2463.17,134
16,4892.240000000001,27
107,425.0,24
17,1139.73,52
98,380.5,24
1,10668.47,478
189,465.32,20
240,579.0,15
85,984.57,48
106,749.78,35
23,1714.59,81
52,124.88,9
195,1689.5,14
25,213.78,14
76,329.34,23
18,251.70000000000002,20
177,319.0,13
152,1266.97,67
22,1538.88,101
6,3518.03,229
29,1715.46,104
22,293.1,5
33,2467.35,144
285,158.68,10
204,206.34,12
58,835.78,54
290,224.91,16
79,317.76,15
0,3766.6,86
188,59.9,4
4,1443.69,63
202,306.13,15
179,711.79,80
6,796.03,128
58,239.92000000000002,23
23,3347.31,73
47,144.0,2
227,203.95,10
12,2474.23,84
107,384.40000000000003,61
0,444.74,19
29,2095.13,237
0,1699.3000000000002,32
37,262.62,29
60,1013.01,29
24,692.22,96
54,342.63,40
53,3563.85,152
6,1564.56,57
54,384.08,13
54,204.24,7
4,2317.2200000000003,211
254,226.85,4
41,2781.23,157
61,1069.1200000000001,103
235,113.5,9
12,1960.72,274
121,114.23,25
25,3198.25,472
274,335.13,63
214,354.15,28
311,426.79,49
252,393.49,21
19,939.32,47
16,1906.09,208
143,318.76,47
265,3638.41,69
13,3174.32,541
15,421.52,36
243,190.88,25
65,149.89000000000001,14
26,550.06,29
13,916.13,105
12,314.69,19
18,3744.65,566
313,382.5,15
4,1135.04,40
15,8676.85,400
54,954.9,31
205,171.45,9
16,282.19,55
32,318.65,69
181,384.52,57
363,283.28000000000003,39
117,353.86,87
19,178.26,18
16,272.44,112
41,298.41,78
108,240.0,16
149,603.37,124
53,1253.3600000000001,12
209,63.440000000000005,23
4,562.9,127
148,310.64,80
246,317.62,38
3,763.64,6
43,2148.63,114
243,111.97999999999999,27
228,1065.3500000000001,69
6,246.04,15
58,187.82999999999998,9
174,1703.41,94
32,1652.58,292
22,153.92,45
27,1064.11,124
10,1419.73,142
4,944.41,111
17,525.24,102
252,550.8000000000001,1
0,1875.1100000000001,135
29,556.95,69
18,131.78,51
102,498.42,30
12,669.11,57
22,197.63,66
15,1135.63,79
362,250.04,53
11,8631.31,66
215,82.75,12
79,1384.85,55
139,644.3,14
121,2328.84,24
0,2527.92,131
5,6292.26,473
31,2600.34,9
101,1200.6200000000001,73
275,700.86,107
16,921.07,200
9,990.23,50
251,96.8,6
15,523.11,33
23,363.9,6
124,175.2,1
86,494.25,28
69,307.02,11
5,2027.8700000000001,543
9,6643.93,753
184,243.36,9
32,12353.29,407
186,781.36,183
356,193.64,17
47,160.57,32
16,537.74,87
0,2676.56,500
87,228.96,1
15,1159.52,215
180,110.75,9
46,1286.07,71
37,587.15,27
125,1740.0,8
51,1393.06,16
342,178.22,19
25,388.14,45
99,365.85,59
12,127.86,15
18,585.79,132
50,488.2,29
240,312.23,35
9,4481.18,411
13,4801.56,468
239,168.4,34
24,1912.67,111
73,446.18,33
18,423.89,87
41,1342.68,253
41,646.92,57
219,495.77,28
200,400.1,69
71,203.2,24
24,4100.92,418
12,404.66,83
2,20275.61,109
214,65.4,2
212,199.29,51
20,336.4,15
15,261.11,47
114,2686.42,28
20,784.11,78
5,1259.56,15
9,31833.68,213
164,508.8,3
191,457.91,62
249,203.86999999999998,4
40,7330.8,27
23,696.41,92
115,653.38,38
211,2129.96,213
51,2633.85,59
274,281.62,33
5,31906.82,198
3,1031.41,82
70,2200.42,113
164,32.65,2
126,771.85,13
0,1214.72,64
13,778.94,41
24,1258.06,66
44,778.0,6
80,507.84,14
60,6893.42,269
43,463.46000000000004,30
12,4226.57,206
51,598.83,30
4,1979.37,117
47,698.41,26
20,759.17,43
92,5037.26,271
72,100.8,2
6,17256.85,328
157,524.9200000000001,39
152,265.76,14
314,403.3,43
19,365.76,48
1,303.15999999999997,54
10,2373.82,134
120,216.29999999999998,9
254,388.45000000000005,17
186,186.42000000000002,5
63,2248.56,135
249,534.24,1
33,2940.04,135
177,120.9,9
41,541.53,36
46,2520.86,277
3,194550.79,337
16,1721.4,100
18,486.71999999999997,19
193,517.53,61
204,131.7,8
454,249.86,17
205,1737.7,19
16,316.5,54
44,657.3,111
184,622.4300000000001,29
23,757.46,111
61,675.69,27
17,1896.41,215
247,289.96000000000004,9
11,763.28,41
11,137.0,5
17,1870.97,88
45,1125.07,78
289,710.29,181
80,194.37,14
78,511.82,29
16,1255.59,82
95,414.04,21
262,396.87,24
0,376.64,29
74,2092.32,76
15,3558.87,109
220,374.57,12
301,497.56,27
359,271.05,10
76,272.22,17
290,622.88,40
18,1138.0,5
280,288.6,18
10,689.1,28
151,558.96,38
188,2997.0299999999997,127
206,1145.84,52
76,302.2,14
262,605.58,88
251,387.31,22
58,6115.14,366
25,308.48,20
6,91062.38,963
29,2924.9900000000002,105
73,513.2,6
277,208.65,40
121,639.02,87
2,768.08,137
252,153.94,11
18,1844.02,82
54,546.81,30
60,723.2099999999999,45
95,1070.71,73
12,652.74,33
362,145.0,6
360,422.70000000000005,9
212,1195.8999999999999,19
54,939.37,47
0,3628.5,253
17,2385.0,394
307,296.7,14
54,223.36,9
251,164.4,13
178,76.5,3
60,897.62,75
26,98.42,9
25,578.9,25
270,170.75,25
44,645.96,145
234,103.3,5
24,148.86,6
67,267.16,42
360,306.84,43
61,930.41,49
305,1487.6,2
17,1952.45,88
20,483.26,106
206,157.9,6
15,541.46,34
156,854.95,26
20,167.62,46
15,1122.38,63
25,454.01,49
26,901.21,152
58,4331.48,165
39,344.14,29
51,1498.51,299
72,226.75000000000003,12
60,380.6,25
36,185.65,8
3,3622.68,411
219,143.45999999999998,5
138,448.90000000000003,50
313,215.72,45
66,11045.04,440
237,175.27,29
246,1242.3,35
110,1133.07,214
101,1240.2,23
33,2404.17,253
18,1479.22,201
74,2225.9700000000003,166
92,3927.34,213
86,993.18,50
13,388.79,83
24,2827.93,270
66,2044.3700000000001,55
18,161.67000000000002,13
240,116.00999999999999,9
24,5102.97,560
79,394.72,11
188,309.36,63
182,193.42,59
41,1112.22,237
36,3984.22,576
54,2048.45,135
23,4559.150000000001,312
58,390.07,100
204,329.6,14
174,571.1999999999999,3
220,971.58,78
313,218.52,77
30,81.44,4
22,1379.9,26
152,527.0500000000001,33
15,843.48,50
19,2047.0,315
82,75.75,5
19,1814.12,123
170,503.59999999999997,26
120,528.33,39
32,1324.84,70
35,2361.9700000000003,297
20,285.56,20
116,547.0600000000001,35
129,108.5,7
87,621.66,5
2,712.29,40
697,101.55,8
32,2895.64,157
249,1008.39,51
214,133.06,7
61,1797.5,91
139,868.49,52
22,166.08,8
12,3945.0,232
26,4867.72,259
32,1207.56,44
160,117.55,22
11,2638.94,91
1,1674.69,82
5,595.42,19
18,2999.46,158
142,196.0,45
26,1802.91,86
19,604.64,43
181,728.16,18
5,2055.51,116
120,347.75,15
43,3406.7200000000003,68
228,205.7,11
5,1572.71,53
51,3178.17,110
120,1629.12,227
75,551.04,27
3,20374.28,705
0,1387.68,78
29,16363.23,304
264,298.11,16
53,1992.1100000000001,30
24,184.4,11
11,2474.33,118
44,239.41,15
1,3191.53,130
32,5739.46,286
46,4757.95,256
359,290.40000000000003,19
161,740.9399999999999,46
138,200.47,16
142,283.12,15
132,765.34,35
109,2285.71,115
237,338.95,19
261,154.95,8
17,2534.64,142
340,417.95,24
90,1824.37,74
110,798.74,55
169,885.19,31
38,1823.52,103
45,10504.49,382
157,152.4,5
218,267.08,35
170,137.45,7
11,385.1,23
45,522.91,29
321,153.0,10
201,326.4,1
23,5655.99,245
233,139.35,6
1,5396.04,274
27,1195.94,50
245,2424.04,115
96,3276.4000000000005,10
72,1033.0,40
17,3439.08,192
16,1060.25,66
87,2876.01,165
29,5298.4800000000005,218
80,1240.11,67
666,303.97,18
262,692.19,35
54,700.63,43
109,13110.02,690
10,377.44,25
0,168.24,10
20,1879.05,97
12,2791.35,47
39,355.11,15
26,2322.4,136
241,110.25,6
113,71.4,1
179,674.52,35
57,1797.57,193
360,80.64,1
89,1772.26,92
15,5605.29,741
20,3456.7000000000003,412
18,834.99,95
22,287.59,25
152,712.78,19
264,15.0,1
5,818.8199999999999,75
211,371.88,57
16,271.2,21
167,2273.1800000000003,105
13,3997.98,310
35,1143.27,38
57,245.81,54
11,182.77,53
146,1225.41,156
255,56.4,3
25,665.86,194
22,658.57,82
254,188.02,12
73,283.47,67
54,131.94,13
86,278.74,72
64,1865.19,134
74,1117.9,5
282,225.9,14
3,1965.55,190
60,106.1,10
26,323.04,58
180,350.39,46
41,697.9,82
23,780.43,111
23,3055.93,408
37,1199.01,104
4,1285.04,140
74,512.31,10
12,546.04,43
17,5411.91,61
1,7837.7300000000005,851
13,732.16,141
15,1770.8799999999999,371
214,36.56,17
160,387.68,33
65,3704.87,48
52,298.4,13
36,1995.46,220
23,1820.09,67
299,889.24,30
120,398.7,23
182,35.400000000000006,2
50,155.37,61
10,350.64,61
48,110.21000000000001,24
30,1593.38,169
27,2779.3,121
43,338.8,56
0,40991.57,7847
99,205.48,37
107,51.559999999999995,5
86,2033.1,1
82,901.1999999999999,51
70,605.8000000000001,26
666,5391.21,297
12,114.34,24
157,311.26,15
666,208.97,17
120,1418.03,15
18,26879.04,54
2,5155.66,199
130,148.21,25
546,252.8,58
25,2100.8,222
324,330.9,11
30,3160.0,148
13,597.5,102
1,10526.32,370
143,329.65,9
90,1197.1000000000001,79
108,428.18,40
15,1894.35,279
205,155.9,10
81,1859.16,44
157,683.46,46
171,237.61,12
44,379.45,26
174,178.51999999999998,6
424,458.92,26
130,133.35000000000002,8
15,671.77,145
181,717.45,117
13,190.19,64
121,899.61,109
305,111.35,10
22,726.05,67
35,203.87,21
323,602.09,94
163,203.85999999999999,34
57,244.1,28
226,112.25,16
72,1119.81,193
45,98.0,16
24,256.32,2
173,566.6,114
86,152.06,28
278,155.8,32
307,112.19999999999999,6
60,110.38,19
22,191.67,38
72,800.24,34
189,72.9,12
697,243.28,58
10,366.23,39
311,311.01,38
0,411.6,59
181,336.43,80
46,341.28,94
1,1304.04,23
12,4204.1,696
149,826.52,145
310,207.50000000000003,1
12,2962.5,31
666,244.08,1
134,397.29,21
46,212.54,23
12,843.0,5
72,1740.48,39
135,408.36,65
5,1331.57,90
0,704.25,21
139,145.79,29
242,389.84,77
115,4301.22,43
278,99.14,12
50,4106.4400000000005,19
336,304.56,2
301,77.50000000000001,2
234,149.57999999999998,20
302,176.68,9
148,358.56000000000006,1
3,58510.48,70
73,482.2,71
40,1008.5400000000001,20
124,2332.72,485
199,557.3,19
250,12.75,1
244,111.68,31
117,508.4599999999999,7
172,73.78,26
1,1296.44,249
143,102.83,35
121,471.7,104
9,2622.57,329
33,1098.43,68
638,123.07,48
697,277.35,85
167,228.2,14
5,582.59,31
6,136.04,31
52,337.04,15
25,740.79,179
16,4488.81,296
666,353.19,65
60,288.14,21
454,300.91999999999996,12
169,757.71,146
166,811.45,30
146,152.68,48
23,634.95,23
57,20.8,1
157,198.57,13
12,201.12,38
237,630.84,29
226,93.35,5
37,678.49,81
282,76.1,2
64,1970.6699999999998,166
302,382.06,93
13,417.23,58
363,169.47,40
48,249.72,60
24,444.68,22
36,2116.19,30
236,257.34,32
257,174.8,14
697,102.78999999999999,28
156,187.29,31
29,166.42,32
212,120.03,46
75,1483.56,123
82,523.0,3
109,122.14,29
52,38.45,5
243,668.11,191
64,389.78,21
304,115.31,21
43,230.64999999999998,9
100,73.5,5
214,97.97,34
22,422.88,112
44,730.4,53
106,405.62,96
125,70.02,19
20,357.20000000000005,19
12,4183.39,472
54,165.04999999999998,7
25,559.51,121
88,2088.6,127
46,189.4,47
204,172.29000000000002,7
360,74.4,5
71,300.02,20
40,6784.1900000000005,360
289,363.65,19
10,170.16,3
24,306.46,18
22,2119.41,46
174,720.52,27
134,814.0,7
87,2392.83,137
76,318.0,10
41,396.33,37
290,101.69999999999999,1
1,2036.67,470
258,453.0,25
157,247.44,18
115,3877.5200000000004,73
697,489.6,13
24,2611.75,142
32,2633.0099999999998,227
188,336.13,29
46,3651.97,127
19,1231.5,2
113,343.45,17
26,703.37,73
17,90.47999999999999,1
331,689.95,29
68,101.34,7
291,4055.7199999999993,2
91,167.67000000000002,39
2,9068.26,89
32,2106.52,36
82,3017.3,70
39,580.0500000000001,21
12,911.15,213
206,2697.8,108
246,168.31,19
12,223.65,41
12,259657.3,431
302,754.64,38
302,113.48000000000002,18
330,430.7,39
255,271.0,17
4,8052.97,444
20,236.3,46
13,352.69,26
546,76.32000000000001,1
291,220.1,28
235,1418.03,378
26,320.72,74
11,5653.82,1279
516,181.12,30
96,111.15,17
125,673.1,32
3,1826.21,364
25,589.4399999999999,36
60,1142.99,196
61,206.82999999999998,56
20,348.73,47
67,112.55000000000001,14
16,1059.39,70
35,931.4999999999999,1
60,681.9100000000001,20
5,784.33,38
296,152.65,8
18,8438.34,159
127,1019.52,15
117,1000.16,61
35,2888.75,43
13,2861.55,221
141,160.35000000000002,10
46,179.33999999999997,7
37,612.0799999999999,16
141,566.58,37
135,653.35,38
44,399.19,21
76,371.62,25
13,734.94,140
1,453.4,34
38,530.15,23
58,638.0600000000001,39
16,1618.69,80
302,399.65000000000003,24
178,302.46000000000004,10
24,1384.8600000000001,37
69,1169.94,131
61,202.65,9
113,980.31,38
0,1231.31,54
5,7561.68,189
68,2106.84,31
301,104.0,1
359,476.35,30
121,1341.42,74
249,1590.81,97
10,1793.17,90
1,1843.75,119
25,382.8,44
68,632.07,37
16,49.8,1
250,304.25,17
16,2001.04,71
78,1090.24,68
193,284.46000000000004,15
262,207.79999999999998,7
72,957.97,45
166,243.76,16
83,973.8399999999999,7
215,689.13,141
72,5425.56,159
107,163.8,32
200,1396.99,68
217,160.42000000000002,19
72,1993.7,200
75,517.36,32
29,139.10000000000002,8
10,2621.38,134
26,600.07,42
327,248.42,43
237,232.48000000000002,15
31,299.34000000000003,13
121,481.75,26
60,621.75,31
5,662.08,21
44,2069.77,114
227,305.28000000000003,2
5,1041.61,64
123,443.0,19
40,6484.54,272
264,158.95000000000002,10
22,5509.12,271
32,5228.05,242
188,93.75,5
57,779.9,30
0,7276.900000000001,164
10,2810.2000000000003,86
193,2083.27,124
82,592.97,37
326,440.0,1
32,1796.48,104
60,882.24,49
2,987.1,61
219,1561.6100000000001,88
47,422.58,6
10,2073.09,104
66,2232.4900000000002,78
5,2567.06,175
24,596.1,4
93,804.02,47
18,95.34,8
311,349.27,21
88,4314.72,16
51,526.67,98
31,103.3,6
40,2337.63,118
25,2338.6000000000004,42
100,2643.2000000000003,134
44,324.24,21
141,149.48,13
26,1213.1599999999999,61
73,801.51,46
135,25.5,1
485,168.6,7
267,283.15,11
3,3078.58,166
151,204.0,3
90,175.92,11
44,335.86,14
0,110.38,8
74,173.9,9
160,180.60000000000002,10
4,80.82,7
216,178.05,12
10,2094.88,756
0,1837.28,70
