CustomerID,Recency,Monetary,Frequency
12346,326,77183.6,1
12347,40,4310.0,182
12348,76,1797.24,31
12349,19,1757.55,73
12350,311,334.4,17
12352,73,2506.04,85
12353,205,89.0,4
12354,233,1079.4,58
12355,96,459.4,13
12356,23,2811.43,59
12357,182,6207.67,131
12358,3,1168.06,19
12359,9,6372.58,248
12360,53,2662.06,129
12361,288,189.9,10
12362,30,5226.23,266
12363,36,552.0,23
12364,41,1313.1,85
12365,292,641.38,22
12367,212,168.9,11
12370,52,3545.69,167
12371,30,1887.96,63
12372,35,1298.04,52
12373,342,364.6,14
12374,26,742.9300000000001,33
12375,11,457.5,17
12377,316,1628.12,77
12378,305,4008.62,219
12379,82,852.24,40
12380,22,2724.81,104
12381,0,1845.31,87
12383,9,1850.56,99
12384,29,585.27,27
12386,192,401.9,10
12388,16,2780.66,100
12390,80,549.84,32
12391,22,460.89,100
12393,39,1582.6000000000001,64
12394,153,1272.48,27
12395,5,3018.63,156
12397,136,2409.9,126
12398,46,1635.6599999999999,85
12399,2,1108.65,59
12401,99,84.3,5
12402,324,225.6,11
12403,50,427.7,5
12405,149,1710.39,54
12406,23,3415.3,105
12407,50,1708.1200000000001,77
12408,152,2888.55,105
12409,65,11072.67,109
12410,252,693.3299999999999,26
12412,75,1226.88,61
12413,192,758.1,38
12414,188,562.41,18
12415,25,124914.53,714
12417,40,3649.1,192
12418,113,668.58,34
12420,153,600.39,29
12421,16,807.04,45
12422,169,803.5600000000001,39
12423,89,1859.31,125
12424,163,1760.96,30
12425,79,777.2,36
12426,195,582.73,30
12427,22,825.8,31
12428,26,7956.46,294
12429,10,3750.4,97
12430,44,256.4,11
12431,2,6487.45,235
12432,43,5059.32,108
12433,10,13375.87,420
12434,85,806.14,50
12435,80,7829.89,36
12436,335,509.01,16
12437,9,4951.41,199
12438,15,2906.85,98
12441,485,173.55,11
12442,181,172.06,12
12444,0,5005.46,176
12445,23,133.4,4
12446,58,1002.3100000000001,57
12447,67,476.49,26
12448,45,449.45,22
12449,23,4067.29,191
12450,174,197.88,8
12451,11,9035.52,354
12452,17,430.57,22
12453,135,707.09,43
12454,57,3528.34,15
12455,74,2466.86,90
12456,45,3181.04,125
12457,82,2363.23,62
12458,72,947.4,38
12461,125,826.88,35
12462,19,1189.59,62
12463,6,1344.78,83
12464,11,1212.05,29
12465,18,742.1899999999999,47
12468,218,729.5400000000001,38
12471,11,19824.05,460
12472,52,6572.11,339
12473,54,3938.5499999999997,168
12474,3,7375.79,424
12475,54,723.38,36
12476,16,6816.42,233
12477,23,13219.74,300
12478,181,680.99,36
12479,12,527.2,31
12480,29,3281.63,154
12481,23,5596.32,217
12483,18,2484.98,75
12484,101,4541.72,346
12488,10,1298.66,55
12489,162,334.93,15
12490,18,5417.93,245
12491,333,460.40000000000003,26
12492,106,263.21000000000004,20
12493,166,433.74,22
12494,16,1246.1000000000001,77
12497,82,1043.1,14
12498,22,403.70000000000005,23
12500,24,4257.82,61
12501,162,2169.39,149
12502,188,3723.87,147
12504,19,482.04999999999995,9
12506,233,73.5,23
12507,135,1304.81,21
12508,27,398.27,69
12509,285,176.5,7
12510,143,982.5699999999999,33
12512,244,138.03,34
12513,113,612.29,35
12514,268,1017.68,51
12515,354,383.7,16
12516,4,1312.06,26
12517,29,2502.84,284
12518,0,2056.89,124
12519,153,340.84,18
12520,37,2634.26,152
12521,143,599.68,38
12522,40,192.72,12
12523,9,1789.77,106
12524,10,4485.72,144
12526,54,1316.66,71
12527,82,348.71000000000004,18
12528,10,1933.48,92
12530,30,1662.28,66
12531,15,125.22,17
12532,90,349.83000000000004,16
12534,336,1089.18,63
12535,92,716.35,34
12536,30,12601.830000000002,261
12538,60,363.95,21
12539,23,5568.35,273
12540,20,13400.24,478
12541,60,981.18,52
12544,274,372.7,19
12545,76,1000.39,50
12546,47,1161.5,69
12547,198,207.79999999999998,8
12548,167,95.19999999999999,5
12550,80,964.83,57
12551,358,168.0,10
12552,40,437.82,20
12553,0,3692.28,191
12556,33,603.71,121
12557,17,11990.960000000001,33
12558,301,269.96,11
12559,311,561.71,21
12560,113,2134.01,105
12561,69,238.85,16
12562,23,3781.7400000000002,168
12564,262,456.9,21
12565,289,145.92,9
12566,87,351.65,19
12567,23,9401.28,446
12569,0,4124.69,188
12571,40,519.61,34
12572,52,1020.42,60
12573,228,160.54000000000002,28
12574,316,218.45,11
12576,130,1315.83,88
12577,243,657.8,147
12578,22,2794.51,114
12579,79,440.42,29
12580,159,415.7,24
12581,40,197.71,15
12582,239,511.36,22
12583,0,7281.38,247
12584,18,2338.15,96
12585,235,2040.1,87
12586,18,196.94000000000003,11
12587,301,144.0,4
12588,40,214.89999999999998,10
12589,29,646.68,35
12590,5,9864.26,68
12591,318,452.84999999999997,26
12592,66,437.6,18
12593,109,418.09999999999997,21
12594,47,3338.2200000000003,118
12596,36,618.27,27
12597,20,3811.22,206
12598,10,3023.08,132
12599,33,1032.58,62
12600,29,2599.04,64
12601,39,577.0600000000001,28
12602,0,153.12,12
12603,22,739.1999999999999,2
12604,80,254.18,16
12607,61,1579.51,101
12609,79,1126.85,60
12610,23,2099.54,106
12611,53,1193.32,65
12612,75,704.0400000000001,19
12613,58,3344.38,153
12614,160,315.6,20
12615,72,2291.19,105
12616,215,713.3,32
12617,60,355.53,42
12618,22,177.31,11
12619,17,3641.24,90
12620,15,1339.41,92
12621,5,13689.67,467
12622,233,180.1,11
12623,129,305.1,18
12624,107,641.13,38
12625,5,2683.82,86
12626,24,6620.48,294
12627,11,4478.53,230
12628,182,786.46,41
12630,10,1270.88,64
12631,58,640.5,31
12633,0,2163.98,101
12635,31,1689.18,101
12637,92,6021.9,390
12638,182,671.69,39
12639,239,486.1,22
12640,24,1174.58,53
12641,116,185.9,10
12642,26,1013.26,47
12643,39,3344.64,24
12644,305,477.91,31
12645,110,1775.18,73
12646,50,1346.97,45
12647,23,3722.82,121
12648,125,318.05,21
12649,35,623.51,31
12650,181,314.44,20
12651,100,114.0,9
12652,9,919.98,48
12653,149,2209.85,43
12654,11,601.98,38
12656,18,4051.17,126
12657,12,1643.18,47
12658,19,686.05,36
12659,60,91.68,5
12660,12,245.1,13
12662,24,3849.78,230
12664,0,4881.88,37
12665,325,63.0,3
12667,0,620.13,33
12668,12,3807.15,161
12669,3,2744.0299999999997,101
12670,11,2996.05,92
12672,330,225.89999999999998,10
12673,242,610.52,42
12674,92,1970.6,83
12676,25,1331.39,45
12678,43,17628.46,165
12679,0,1113.02,48
12680,31,862.81,52
12681,15,13787.54,638
12682,2,12288.22,525
12683,5,8476.57,344
12684,25,2283.63,105
12685,29,2863.08,157
12686,638,89.14,7
12688,114,4873.8099999999995,171
12689,26,1247.61,72
12690,206,389.01,16
12691,0,1035.8,32
12693,5,855.91,39
12694,71,869.67,37
12695,108,582.1,27
12697,29,957.59,41
12700,127,4939.99,268
12701,36,797.71,53
12702,20,219.0,12
12703,72,283.55,21
12704,23,2340.84,88
12705,16,6868.29,334
12707,292,603.42,33
12708,60,2712.91,157
12709,0,9736.52,208
12710,202,1149.02,77
12712,9,4396.13,133
12713,89,848.55,38
12714,10,4708.86,259
12715,107,353.86,21
12716,134,1053.49,69
12717,33,1030.98,55
12718,72,238.25,19
12719,214,644.95,39
12720,3,5781.73,354
12721,80,2656.13,161
12722,3,997.63,53
12723,17,725.07,69
12724,39,1031.41,53
12725,638,427.8,24
12726,29,2609.1,124
12727,11,3980.7,139
12728,39,836.33,46
12729,114,453.01,26
12731,24,18895.91,274
12732,180,236.26000000000002,12
12733,235,383.95,22
12734,353,110.39999999999999,4
12735,192,779.5699999999999,43
12736,39,234.0,4
12738,666,155.35,11
12739,79,1013.04,38
12740,153,427.6,27
12743,135,546.43,134
12744,52,21279.29,222
12747,23,4196.01,103
12748,5,33719.73,4595
12749,23,4090.88,199
12750,277,275.88,15
12752,82,4366.78,53
12753,23,21429.39,197
12754,160,3010.74,63
12755,251,3811.95,4
12756,87,112.07999999999998,4
12757,5,7857.1,371
12758,117,2791.59,97
12759,53,1531.44,95
12762,26,1898.52,69
12763,139,494.08,18
12764,317,1693.88,45
12766,58,6989.63,310
12769,239,1143.6,32
12770,211,1351.45,12
12772,30,892.47,55
12775,18,1386.04,66
12778,20,822.23,50
12779,199,3981.36,149
12781,153,826.74,25
12782,150,2330.92,103
12783,54,2225.91,84
12784,10,574.42,59
12785,424,311.95,14
12787,10,463.66,20
12789,214,91.85,4
12790,193,324.92,21
12791,697,192.60000000000002,2
12792,257,400.53999999999996,25
12793,100,545.48,24
12794,54,860.41,45
12795,19,430.48,14
12797,454,254.03,13
12798,11,6977.04,8
12802,187,427.58,25
12808,126,483.65000000000003,28
12809,178,489.31,25
12811,261,514.85,31
12812,45,229.64000000000001,15
12814,102,125.92,2
12815,148,1063.46,47
12816,177,572.2,29
12817,282,166.04,4
12818,262,1542.08,14
12820,45,942.34,59
12821,96,92.72,6
12822,71,948.88,46
12823,75,1759.5,5
12824,30,397.12,25
12826,60,1474.72,91
12827,45,430.15000000000003,25
12828,113,1018.71,56
12829,162,293.0,11
12830,92,6814.64,38
12831,263,215.05,9
12832,152,383.03,27
12833,146,417.38,24
12834,310,312.38,18
12836,30,2612.86,175
12837,174,134.1,12
12838,182,683.13,123
12839,12,5591.42,314
12840,65,2726.77,113
12841,4,4022.35,420
12842,71,1118.99,34
12843,66,1702.26,103
12844,60,325.96000000000004,52
12845,268,354.09,27
12847,23,871.54,91
12849,121,1050.8899999999999,51
12851,245,135.18,50
12852,295,311.55,17
12853,135,1957.1000000000001,78
12854,6,1324.5,110
12855,666,38.1,3
12856,19,2179.93,314
12857,69,1106.4,46
12863,53,521.2,5
12864,139,147.12,3
12865,27,1568.23,95
12866,341,559.12,26
12867,27,4036.82,538
12868,9,1607.0600000000002,107
12871,85,380.64,11
12872,327,599.97,66
12873,310,374.0,4
12875,144,343.2300000000001,2
12876,58,2218.02,85
12877,25,1535.77,154
12878,237,854.99,47
12879,45,573.22,10
12881,98,298.0,7
12882,10,1463.04,13
12883,25,703.47,42
12884,1,309.05,7
12885,124,1175.22,71
12886,249,1378.4,82
12888,96,354.12,5
12890,25,380.46999999999997,82
12891,157,331.0,3
12893,90,188.14,34
12895,43,372.8,22
12897,38,216.5,4
12901,11,17654.54,116
12902,265,138.68,10
12904,19,509.58,72
12906,12,2919.81,63
12908,177,750.0,2
12909,40,2178.67,91
12910,6,3075.04,75
12912,15,1662.3,24
12913,16,2483.63,50
12915,149,363.65,22
12916,139,3006.15,107
12917,277,594.0,2
12919,3,1335.19,50
12920,18,164.23,28
12921,10,16587.09,720
12922,337,405.38,28
12923,183,176.97,29
12924,1,933.7,30
12925,75,694.05,45
12928,6,2062.7000000000003,84
12929,342,117.85,8
12930,79,415.8,25
12931,22,42055.96,82
12933,25,607.53,106
12935,27,2160.7,129
12936,18,1063.9,62
12937,16,1504.27,120
12938,26,114.14,9
12939,37,11581.8,47
12940,55,913.54,99
12942,132,683.9,75
12944,243,604.51,30
12945,289,462.95,23
12947,65,1603.99,97
12948,17,2064.95,116
12949,90,4167.22,215
12950,25,1843.0,23
12951,174,1064.07,63
12952,44,1387.79,79
12953,10,329.85,17
12955,17,4757.16,180
12956,191,108.07,19
12957,10,4017.54,238
12962,114,266.39,16
12963,11,1856.63,95
12965,31,771.91,109
12966,10,160.18,10
12967,359,1660.9,19
12968,113,135.95,5
12970,301,452.24,151
12971,9,11189.91,305
12974,198,144.8,8
12976,5,738.6,22
12977,186,39.239999999999995,9
12980,9,7374.900000000001,20
12981,60,372.21999999999997,20
12982,36,390.54,28
12984,19,97.5,4
12985,29,1239.38,76
12987,74,558.7,28
12988,293,535.32,92
12989,1,6924.110000000001,64
12990,121,409.5,13
12991,24,503.76,31
12993,24,414.76,27
12994,32,974.4200000000001,61
12995,86,211.32,3
12997,1,1226.89,59
12999,128,455.88,28
13000,107,534.85,31
13001,23,9818.82,339
13002,319,120.94999999999999,7
13003,33,149.05,6
13004,12,5655.91,404
13005,159,513.7,26
13006,57,81.57,4
13008,324,229.46999999999997,14
13011,666,50.550000000000004,3
13012,10,1661.8400000000001,89
13013,22,4810.9400000000005,219
13014,11,3466.2799999999997,109
13015,54,3346.28,176
13016,74,789.89,47
13017,301,204.0,1
13018,17,7277.7,458
13021,26,2616.38,131
13023,183,689.9,40
13026,98,975.36,40
13027,114,6912.0,26
13028,23,661.3199999999999,45
13029,90,1247.5,10
13030,12,799.48,99
13032,53,1010.18,71
13033,358,190.55,11
13034,55,642.77,37
13035,74,921.88,27
13037,139,881.07,48
13038,81,908.46,28
13040,182,676.99,43
13043,37,516.42,13
13044,292,560.47,33
13045,335,305.28000000000003,18
13046,90,629.31,35
13047,57,3237.54,172
13048,15,1835.91,136
13049,183,656.6800000000001,14
13050,15,5836.86,403
13052,35,348.15000000000003,18
13055,66,1214.41,76
13058,0,271.40000000000003,8
13059,250,183.4,8
13060,254,307.53,15
13061,73,248.61,10
13062,338,346.98,11
13064,1,1119.49,69
13065,697,205.86,14
13066,25,470.8,48
13067,83,115.46000000000001,15
13068,11,344.0,2
13069,2,4436.12,425
13070,193,228.8,9
13072,267,177.15,7
13075,305,919.61,22
13077,120,729.27,112
13078,0,12627.94,358
13079,22,220.10000000000002,6
13080,180,58.08,6
13081,12,28337.38,1024
13082,177,3613.63,73
13083,76,303.75,18
13085,217,416.08000000000004,22
13089,6,58825.83,1818
13090,20,8910.82,155
13091,29,345.82,21
13092,5,477.83,25
13093,98,7832.47,159
13094,22,1927.3200000000002,24
13095,71,74.39999999999999,6
13097,78,6010.42,423
13098,10,28882.44,572
13099,335,207.35999999999999,1
13101,235,101.19,8
13102,24,6424.09,304
13103,40,243.94,8
13104,47,1098.48,20
13106,134,76.5,1
13107,45,1531.6200000000001,58
13108,666,350.06,10
13109,30,786.54,47
13110,54,1488.67,145
13113,5,12245.960000000001,200
13115,0,2294.78,120
13116,139,501.14,30
13117,22,984.91,76
13118,20,1197.81,79
13120,239,30.599999999999998,1
13121,270,283.73,50
13122,184,922.39,55
13124,31,3866.33,235
13126,45,2099.64,140
13127,78,259.17,15
13130,184,64.0,2
13131,24,1073.3,44
13132,262,77.3,3
13133,37,109.8,7
13134,86,1793.58,98
13135,197,3096.0,1
13136,35,2607.61,127
13137,11,3650.41,704
13138,23,962.39,63
13139,17,5064.94,170
13140,109,423.72,46
13141,85,2388.75,135
13142,20,307.09,23
13144,39,110.95,3
13145,40,618.52,6
13146,27,228.91,17
13147,11,712.8000000000001,4
13148,60,3707.12,319
13149,15,1676.06,86
13151,296,1257.8700000000001,74
13153,242,486.22,15
13155,80,971.76,85
13157,6,1741.22,87
13158,2,1201.06,79
13159,51,1437.85,121
13160,23,91.8,4
13161,314,112.75,8
13162,93,1688.29,79
13165,47,1021.48,42
13166,341,417.2,41
13167,19,791.33,65
13168,200,1319.19,131
13169,153,712.88,13
13170,27,116.00999999999999,32
13171,22,468.41,46
13173,212,353.65,43
13174,17,2817.03,314
13176,47,492.84,72
13177,183,282.45,17
13178,27,5725.47,265
13182,46,121.18,11
13183,87,3957.78,94
13184,15,1701.29,181
13185,268,71.4,1
13186,40,1575.89,79
13187,192,236.02,37
13188,12,114.60000000000001,2
13189,19,260.68,29
13192,206,911.94,63
13193,91,117.88,29
13194,136,60.7,3
13196,12,1797.78,110
13198,11,3401.2400000000002,226
13199,11,9817.12,119
13200,20,870.09,46
13203,10,869.46,57
13207,3,250.26000000000002,8
13208,0,1223.9,149
13209,90,5891.61,321
13210,154,353.48,22
13211,11,1197.42,56
13212,20,788.08,142
13213,57,1520.58,90
13216,268,333.74,5
13217,93,533.98,4
13218,246,62.63999999999999,5
13220,79,819.2900000000001,21
13221,241,847.41,66
13223,201,163.20000000000002,5
13224,33,2155.95,108
13225,61,6463.84,32
13226,37,108.21000000000001,16
13227,202,257.7,9
13228,82,358.0,2
13229,226,160.95,10
13230,60,2806.97,611
13232,4,1357.6,207
13233,75,605.12,43
13235,35,1031.07,58
13236,25,744.85,36
13238,18,700.73,31
13239,262,329.56,21
13240,174,663.65,67
13242,66,270.40000000000003,13
13243,204,600.07,58
13244,123,121.74000000000001,27
13245,51,430.5,16
13246,19,1987.3,141
13247,18,501.12,25
13248,155,465.68,26
13249,123,711.41,23
13253,186,1030.4,36
13255,10,399.51,13
13258,12,698.58,38
13259,91,292.32,87
13260,91,557.62,8
13261,269,944.1,9
13262,264,200.29,11
13263,5,7454.07,1677
13265,1,2107.66,91
13266,12,3834.2599999999998,187
13267,9,4521.49,211
13268,6,3214.69,440
13269,1,5346.2300000000005,316
13270,485,590.0,1
13271,302,217.38,96
13272,31,276.56,15
13273,114,138.98,16
13276,153,590.9300000000001,30
13277,16,258.4,8
13278,41,542.73,46
13279,79,137.75,9
13280,93,814.86,85
13282,19,1132.14,37
13283,30,93.66,7
13284,331,201.19,13
13285,24,2709.12,187
13291,156,361.11,42
13292,285,578.9399999999999,31
13294,250,873.74,54
13295,360,201.20000000000002,10
13296,138,87.4,5
13297,24,2089.85,59
13298,120,360.0,2
13299,269,142.5,5
13300,170,371.89,20
13301,104,618.09,81
13302,156,63.75,1
13304,352,300.42,21
13305,22,2000.86,81
13307,32,15.0,1
13308,23,1385.51,54
13309,1,1456.79,107
13310,29,1132.03,72
13311,3,598.57,26
13313,23,1555.32,78
13314,74,775.94,62
13316,80,5977.7300000000005,87
13317,199,2273.68,124
13318,120,640.76,20
13319,18,10845.550000000001,476
13320,66,1548.7,106
13321,73,567.36,11
13322,18,199.48000000000002,25
13323,22,787.85,21
13324,31,7121.95,75
13325,82,675.3,12
13327,113,3627.77,108
13328,317,1308.48,17
13329,121,789.0,17
13330,123,1140.93,53
13332,15,350.9,21
13334,83,3536.82,268
13336,78,795.12,51
13338,217,487.02,19
13339,201,860.12,54
13340,46,10736.48,134
13341,261,775.85,42
13343,178,353.43,19
13344,160,2543.72,119
13345,288,389.5,20
13347,71,341.36,8
13348,183,233.76,14
13349,11,247.32,16
13350,17,979.12,40
13351,244,373.94,16
13352,61,397.97999999999996,24
13354,72,743.53,51
13355,93,674.7,32
13356,81,768.24,42
13357,258,609.95,90
13358,269,439.03,29
13359,153,439.56,23
13362,10,3090.7400000000002,166
13363,18,992.5,60
13364,72,134.95999999999998,10
13365,182,2225.37,128
13366,51,56.160000000000004,1
13368,192,623.4,29
13369,454,308.28000000000003,14
13370,638,754.87,39
13372,31,378.64,23
13373,61,3312.25,158
13375,1,778.65,37
13376,204,1019.76,53
13379,27,572.56,97
13381,31,3639.31,172
13382,251,222.99,15
13384,46,4151.93,152
13385,330,534.57,35
13388,132,677.1,35
13389,12,797.96,51
13390,75,544.08,13
13391,204,59.8,1
13394,33,2520.02,155
13395,157,307.72,21
13396,60,1360.99,43
13397,73,1544.13,38
13398,193,457.34,26
13402,246,621.23,39
13403,18,75.0,3
13404,35,252.49,11
13405,75,572.451,27
13408,3,28117.04,478
13410,25,1003.06,28
13411,108,213.55,18
13414,134,1390.5,24
13416,44,712.5,19
13417,206,640.83,28
13418,12,6127.43,304
13419,153,221.06,16
13420,150,159.85,8
13421,41,1851.08,104
13422,183,2626.3,127
13425,109,1624.21,78
13426,11,3641.32,157
13427,20,582.6,29
13428,11,218.47,74
13429,11,1006.8,67
13430,19,679.45,49
13431,1,1269.1,46
13434,75,534.24,10
13435,25,3809.8900000000003,101
13436,120,196.89,12
13437,15,3408.06,167
13439,256,283.71,54
13441,92,296.64,13
13447,24,1129.14,59
13448,17,3539.37,195
13449,24,291.88,19
13450,27,2043.7199999999998,71
13451,5,2976.15,443
13452,260,590.0,2
13453,166,356.97999999999996,17
13455,25,1058.34,46
13456,18,1766.72,63
13458,6,9646.57,382
13460,50,183.44,17
13461,139,1445.0,27
13462,340,151.5,9
13464,0,674.68,41
13466,126,307.9,17
13467,11,1083.71,99
13468,0,5704.97,302
13470,116,165.0,10
13471,22,2531.58,260
13473,39,422.64,21
13474,237,229.59,64
13475,188,1431.78,86
13476,179,1238.47,58
13477,5,1454.58,79
13479,201,300.95,15
13481,46,1804.56,109
13482,233,184.64,11
13483,214,140.34,10
13484,6,313.8,8
13485,234,454.24,23
13486,79,1122.41,69
13487,58,575.4,34
13488,9,8968.31,422
13489,106,449.52,14
13491,39,1215.82,86
13492,96,1269.84,50
13493,98,618.63,8
13494,342,316.26000000000005,18
13495,233,2044.8700000000001,48
13496,11,653.33,35
13497,310,348.05,19
13499,18,1159.11,42
13500,24,1166.77,65
13501,289,1340.32,52
13502,17,292.0,18
13503,72,216.85,17
13504,183,295.93,22
13505,73,4393.63,215
13506,317,458.52,26
13507,108,2479.16,162
13508,67,110.97,12
13509,37,979.72,44
13510,46,1791.56,115
13512,261,251.21,15
13513,216,205.1,10
13514,74,152.20000000000002,4
13515,73,891.12,59
13516,22,1389.41,44
13517,30,2128.42,141
13518,86,659.4399999999999,38
13519,79,122.75,8
13520,0,3624.35,93
13521,11,1093.65,436
13522,90,125.80000000000001,5
13523,47,3964.88,172
13524,41,680.1800000000001,27
13525,15,628.78,6
13527,31,2287.51,223
13529,79,307.76,15
13531,206,483.8,22
13532,182,210.31,66
13533,65,270.79,76
13534,54,5870.08,296
13536,10,3448.29,179
13538,32,1280.85,25
13539,86,631.34,37
13544,40,291.41,87
13546,13,626.99,98
13548,67,682.41,124
13549,3,918.2,51
13551,320,91.80000000000001,4
13552,87,3740.07,109
13555,74,4149.28,136
13557,29,584.06,34
13558,24,605.06,175
13560,301,174.37,33
13561,127,141.85999999999999,14
13562,82,1799.33,82
13563,85,777.53,49
13564,145,1749.02,83
13565,20,240.22,38
13566,41,874.71,176
13568,174,192.85,44
13569,18,373.75,85
13570,67,239.49,27
13571,13,2092.32,341
13572,206,1384.25,33
13573,51,294.4,26
13575,0,732.0699999999999,46
13576,11,6717.34,126
13577,6,1687.6000000000001,83
13579,15,467.04,23
13581,283,118.0,10
13583,156,781.03,53
13584,191,142.4,24
13587,153,712.4,8
13588,16,2478.95,174
13589,15,379.65,21
13590,3,1981.92,87
13591,183,1117.13,58
13592,66,247.95999999999998,16
13593,109,2037.0800000000002,128
13594,53,396.97,26
13596,13,697.04,166
13598,48,180.17000000000002,40
13599,6,5153.67,247
13600,313,219.52,19
13601,5,693.32,99
13602,183,428.89,23
13603,27,164.34,27
13606,60,280.53999999999996,43
13607,41,678.01,98
13610,13,1131.88,226
13611,31,1171.8,74
13614,25,1610.46,201
13615,319,417.69,23
13617,4,544.18,44
13618,174,177.34,13
13621,117,213.85,19
13623,90,747.78,81
13626,340,257.23,19
13627,30,1638.47,92
13629,24,7792.36,59
13630,76,2031.78,71
13631,144,3070.42,11
13632,25,2121.27,146
13634,36,1575.16,188
13635,275,1071.03,62
13636,93,949.12,63
13637,53,810.5,101
13638,16,122.64,8
13639,75,1033.34,40
13642,127,354.8,66
13643,121,519.44,28
13644,17,2624.26,146
13645,32,252.1,5
13647,10,1678.1200000000001,79
13649,257,346.6,23
13650,1,1836.34,96
13651,40,94.2,6
13652,46,1095.08,63
13654,36,2707.33,166
13655,6,932.97,56
13656,165,379.65,49
13657,11,382.14,16
13658,10,2639.17,108
13659,206,1573.2,104
13662,35,897.76,53
13663,180,189.47,13
13666,61,84.65,12
13667,150,305.02,87
13668,11,6363.59,470
13669,51,218.55,9
13670,76,349.7,25
13672,38,186.39000000000001,6
13673,19,396.92,65
13675,33,486.82000000000005,25
13678,33,232.6,16
13680,40,3722.42,195
13681,18,827.83,57
13682,218,59.5,3
13684,286,67.23,30
13685,46,3119.44,39
13686,65,72.0,8
13689,153,910.0,6
13690,30,172.25,9
13692,25,1488.32,53
13694,26,65039.62,568
13695,2,2504.13,90
13697,333,151.29999999999998,12
13699,156,308.58000000000004,14
13700,6,2265.12,197
13703,319,99.5,1
13704,0,2308.06,134
13705,145,711.86,28
13706,69,330.79,20
13707,268,806.41,48
13708,272,296.88,51
13709,50,6328.05,336
13710,121,180.48,8
13711,219,252.06,13
13712,159,228.84,10
13715,223,1079.34,105
13716,270,138.28,21
13717,57,1445.01,102
13718,159,306.55,12
13719,16,1041.68,60
13720,117,799.9,43
13721,274,524.14,28
13722,132,2375.41,85
13723,188,199.85000000000002,6
13725,50,1980.56,104
13726,101,1079.6599999999999,42
13727,29,333.48,20
13728,108,1016.14,63
13730,136,752.6,43
13731,159,610.59,38
13732,29,491.86,33
13735,25,2885.2400000000002,196
13736,242,731.9,191
13737,201,339.59999999999997,30
13739,19,216.9,3
13740,241,350.75,23
13741,72,668.4300000000001,34
13742,17,3131.02,321
13743,1,1341.6,41
13744,215,1156.36,72
13745,163,300.04,25
13747,697,79.6,1
13748,159,948.25,28
13750,54,1647.26,24
13751,289,296.25,9
13752,96,1186.28,76
13753,288,741.26,35
13754,33,282.59999999999997,12
13755,10,2161.35,342
13756,23,5189.52,142
13758,12,3190.55,117
13759,72,659.4100000000001,25
13760,55,286.79,57
13761,51,1070.65,70
13762,219,306.72,7
13763,153,1714.96,15
13764,71,1521.76,208
13767,26,17220.36,368
13769,93,2796.51,135
13771,183,2634.45,119
13772,182,1132.13,177
13774,82,345.0,22
13777,25,25977.16,197
13778,104,178.7,9
13780,171,360.01,57
13781,281,127.84,17
13782,13,912.0,115
13784,10,2462.79,31
13786,516,230.39999999999998,7
13787,76,309.04,31
13790,212,348.8,45
13791,169,1516.0,11
13792,244,195.55,13
13798,1,37153.85,349
13799,117,688.86,39
13800,283,558.32,33
13801,244,324.8,23
13802,139,4599.42,60
13803,256,277.07,17
13804,79,2635.79,137
13805,53,924.6,13
13806,153,256.38,10
13807,516,112.6,7
13808,47,1747.66,76
13809,161,155.05,12
13810,29,1499.01,35
13811,95,814.5,13
13812,43,539.0,36
13813,31,1366.8600000000001,69
13814,123,1579.12,57
13815,23,4027.36,176
13816,24,571.6700000000001,28
13817,60,382.98,24
13819,38,1140.35,36
13821,145,385.64,59
13822,41,632.0,96
13823,19,957.66,40
13824,6,1698.94,46
13826,177,189.5,10
13827,58,412.05,93
13828,23,209.49,15
13831,17,2202.99,74
13832,20,52.199999999999996,3
13833,278,384.8,29
13835,26,834.57,55
13837,5,271.24,19
13838,118,691.73,174
13841,340,85.0,1
13842,0,3385.62,206
13844,12,361.62,20
13845,183,312.98,9
13846,25,865.0600000000001,55
13848,123,1255.0,5
13849,52,1537.95,101
13850,305,1595.48,93
13851,215,2651.46,81
13853,58,1090.14,23
13854,1,8109.5199999999995,110
13856,95,388.5,14
13858,58,216.17,11
13859,327,201.16,28
13860,15,1245.9,76
13862,19,2209.36,139
13863,189,305.78,20
13865,0,501.56,30
13866,75,145.67000000000002,7
13867,75,1015.29,61
13868,301,3192.54,33
13869,124,3104.95,307
13870,41,2770.94,115
13871,23,6403.25,336
13873,2,389.6,23
13874,359,540.45,18
13875,38,1786.79,104
13876,153,122.7,7
13877,87,117.24,3
13878,55,1281.53,36
13880,22,3219.77,165
13881,12,17159.52,178
13882,12,1191.13,65
13883,11,2674.48,142
13884,31,787.6,59
13885,201,506.8,28
13886,72,243.56,16
13887,205,349.55,19
13888,2,605.63,40
13889,123,416.90000000000003,15
13890,23,1883.8100000000002,110
13892,27,632.97,27
13893,298,821.1,21
13894,24,564.62,27
13895,29,2593.07,118
13897,51,311.16,17
13898,326,155.93,12
13899,17,388.52,19
13900,95,740.95,43
13901,73,2867.2,149
13904,295,332.64,26
13908,80,2369.55,122
13911,58,2580.91,148
13914,12,626.45,33
13917,50,272.04,18
13918,50,1212.8400000000001,30
13919,30,384.81,28
13922,352,172.25,7
13923,54,351.13,20
13924,18,1838.8500000000001,117
13925,63,678.25,41
13926,24,223.85000000000002,11
13927,75,348.99,21
13928,11,464.57,27
13929,170,842.65,9
13930,58,337.34,17
13931,215,1237.53,58
13932,295,307.4,16
13933,110,608.7900000000001,23
13934,264,922.1,31
13936,180,376.58,26
13937,170,158.85,9
13938,243,71.66,7
13939,24,568.55,45
13940,18,839.14,49
13941,22,5112.96,45
13946,80,561.5699999999999,11
13947,214,90.6,5
13948,361,102.0,3
13949,25,2427.32,160
13950,12,745.06,35
13951,177,674.45,39
13952,188,3251.071,137
13953,53,3515.68,20
13954,71,439.92,25
13955,125,322.96,33
13956,55,1026.42,152
13959,80,598.2,92
13960,22,230.22,12
13962,22,169.55,11
13963,252,664.54,35
13967,146,80.7,2
13969,17,9053.94,626
13971,19,2758.26,149
13972,71,190.25,15
13973,288,264.7,11
13974,50,413.59000000000003,28
13975,121,2526.28,338
13976,207,357.98,10
13978,15,196.79000000000002,15
13979,74,869.87,54
13980,61,200.14,11
13982,40,1871.81,111
13983,0,2603.43,107
13984,27,920.51,16
13985,0,7060.13,349
13986,18,320.46,13
13988,20,4147.96,234
13989,214,1266.08,41
13990,66,311.3,16
13991,13,855.97,84
13992,90,76.8,5
13993,31,3466.36,121
13994,40,2313.14,155
13995,16,1393.69,86
13999,11,3901.81,208
14000,5,635.66,15
14001,46,2043.0800000000002,39
14002,135,529.73,47
14004,44,4582.64,171
14005,10,2874.72,84
14006,6,962.19,30
14009,199,695.61,42
14012,160,328.8,11
14013,98,473.02,34
14014,78,505.18,39
14015,53,917.34,20
14016,208,4341.21,161
14019,47,1421.61,66
14020,1,642.8,39
14021,5,631.9,22
14022,226,440.0,28
14023,281,584.07,31
14024,63,327.7,16
14027,61,104.82,6
14029,145,467.66,15
14030,19,2360.09,243
14031,22,17286.86,250
14032,6,2975.59,143
14034,23,651.8199999999999,89
14035,29,1428.02,66
14036,285,626.65,38
14037,177,147.20000000000002,28
14038,79,1560.38,92
14039,182,152.2,6
14040,9,3614.92,235
14041,267,141.41,21
14044,27,652.82,209
14045,110,1659.75,6
14046,285,154.99,14
14047,74,1308.6100000000001,32
14048,161,409.93,85
14049,17,5681.72,488
14050,107,746.36,54
14051,18,15610.390000000001,210
14052,20,225.36,56
14053,155,260.25,4
14054,214,92.46,6
14055,107,725.6400000000001,10
14056,16,8214.65,1106
14057,24,6217.96,284
14059,267,183.6,8
14060,23,6140.42,202
14062,10,10464.85,111
14064,5,1353.74,80
14066,267,152.55,7
14067,153,374.7,52
14068,321,265.85,24
14071,20,1438.82,324
14073,152,151.04,13
14075,20,942.26,43
14076,305,122.47,46
14077,41,499.41999999999996,42
14078,66,1049.37,65
14079,155,375.1,12
14080,152,45.599999999999994,4
14081,69,934.52,153
14082,424,182.25,29
14083,37,1018.43,181
14085,10,4448.54,450
14087,151,194.42,69
14088,11,50491.81,589
14089,57,161.0,14
14090,325,76.32000000000001,1
14092,24,4076.91,214
14093,13,442.85,105
14096,12,65164.79,5111
14098,274,147.35,21
14099,17,3104.17,250
14100,138,194.9,26
14101,74,5976.79,35
14102,12,1360.28,79
14104,125,216.20999999999998,21
14105,240,1266.23,74
14107,52,2703.23,123
14108,90,597.91,34
14109,73,144.2,9
14110,1,5683.15,155
14111,6,692.85,10
14112,23,2915.15,160
14113,23,1840.42,34
14114,37,386.53,15
14116,20,1382.74,72
14117,144,90.0,3
14121,11,2780.15,159
14124,85,419.58000000000004,5
14125,11,2740.43,167
14126,11,706.1300000000001,15
14127,93,709.71,44
14128,61,637.5,46
14129,18,1123.8600000000001,52
14130,320,483.86,67
14132,3,3586.0299999999997,200
14133,305,605.64,28
14135,39,4690.31,134
14138,120,982.3800000000001,47
14139,47,415.82,26
14140,121,935.05,66
14141,30,915.13,40
14142,697,311.81,22
14143,134,115.8,7
14145,47,3742.2,11
14146,82,4191.0,210
14147,79,483.4,5
14148,234,157.2,3
14149,280,446.62,28
14150,243,658.64,26
14152,76,621.29,49
14154,240,1345.62,52
14155,267,118.75,6
14156,0,117379.63,1400
14157,20,432.88,48
14158,41,507.66,41
14159,20,4693.01,1204
14161,127,1110.52,108
14162,174,289.36,25
14163,64,2445.91,52
14164,71,1631.77,29
14165,98,122.53999999999999,25
14167,9,574.84,52
14171,304,363.79,58
14173,11,450.84,29
14174,182,134.46,26
14175,30,3222.3,149
14176,298,576.9000000000001,31
14177,87,559.41,42
14178,29,1620.93,327
14179,41,719.78,165
14180,11,4748.52,240
14184,244,452.89,24
14185,9,197.65,3
14188,72,2054.36,65
14189,17,4654.08,265
14191,11,4684.76,259
14193,270,853.39,42
14194,19,11349.52,579
14195,202,1012.0,7
14196,107,335.52,6
14198,19,701.4,39
14199,219,185.39999999999998,2
14201,61,747.44,37
14204,151,161.03,44
14205,17,466.7,24
14206,240,328.15999999999997,20
14208,184,151.74,10
14209,11,2073.43,87
14210,106,1905.8400000000001,102
14211,54,2241.1,112
14212,31,1070.48,9
14214,51,1004.38,67
14215,12,1789.72,108
14216,17,1839.3,59
14217,12,2004.98,100
14218,43,169.48000000000002,12
14219,212,89.94,7
14220,189,632.4,21
14221,43,3432.8,193
14222,178,683.17,41
14223,123,991.13,60
14224,111,1050.12,118
14226,29,2232.19,67
14227,27,3350.96,175
14229,52,1547.2,40
14231,95,925.71,50
14232,43,2048.07,115
14233,5,1462.72,35
14234,23,775.46,159
14235,76,3144.86,79
14236,81,490.86,15
14237,697,161.0,9
14238,327,146.85,8
14239,44,2380.85,112
14240,90,890.34,42
14241,95,213.70000000000002,10
14242,235,280.55,16
14243,128,2588.77,141
14245,249,1693.45,108
14246,111,1474.06,75
14247,190,136.76999999999998,20
14248,319,302.58,8
14250,31,1904.05,111
14251,11,2879.7000000000003,78
14256,261,969.0600000000001,53
14257,124,3099.7200000000003,106
14258,10,12669.98,111
14259,142,120.0,5
14261,51,1163.45,52
14262,18,2618.23,143
14264,125,333.97,17
14265,110,530.18,31
14267,163,1516.24,55
14270,9,492.65000000000003,29
14271,226,112.32,10
14272,74,437.96,33
14273,36,559.97,29
14276,4,1119.74,64
14277,16,4216.2,225
14280,197,134.04,8
14282,20,3729.34,156
14284,87,595.25,32
14285,22,1910.01,27
14286,24,4628.75,280
14287,199,176.63,9
14288,66,426.6,16
14289,6,911.26,47
14290,12,2314.65,101
14291,32,3883.25,237
14292,1,4871.93,100
14293,148,1046.56,61
14295,41,166.20000000000002,5
14297,18,1305.33,62
14298,53,51527.3,1637
14299,0,3965.62,143
14300,19,43.2,3
14301,118,640.14,13
14304,339,383.45,17
14305,72,1858.96,105
14306,52,2093.32,33
14307,1,2995.72,180
14309,29,2352.53,117
14311,36,310.26,20
14312,37,1611.59,87
14314,107,120.0,8
14315,45,2481.13,101
14317,183,508.58000000000004,24
14320,39,477.79,31
14321,11,1530.75,123
14323,115,605.0600000000001,36
14326,36,183.85,8
14327,164,311.65,12
14329,18,5014.84,259
14331,136,462.65999999999997,28
14332,23,866.31,26
14333,275,415.2,15
14334,17,2552.21,162
14335,17,468.26,63
14336,17,1614.91,90
14338,197,588.22,31
14339,36,309.52,14
14340,219,134.7,6
14341,46,2182.28,129
14342,22,668.5600000000001,21
14344,98,889.9300000000001,71
14345,333,108.97999999999999,6
14346,32,1021.58,60
14348,261,409.57,18
14349,11,133.5,31
14350,68,282.93,18
14351,165,51.0,1
14352,37,1078.96,47
14353,127,90.6,6
14354,90,163.62,9
14355,454,174.4,11
14356,80,701.23,33
14357,44,225.77,41
14359,20,912.18,55
14360,121,2128.23,118
14362,23,161.2,41
14364,5,3717.35,69
14367,22,9261.52,524
14368,320,155.0,8
14371,296,100.5,4
14373,359,76.55,4
14375,157,257.68,75
14377,263,617.05,11
14379,45,348.1,46
14381,53,202.68,56
14382,27,626.0699999999999,131
14383,164,1247.69,59
14385,10,202.11,14
14386,297,142.4,7
14387,75,1770.56,140
14388,11,3212.84,186
14389,214,1043.46,45
14390,5,4652.82,286
14393,219,67.95,5
14395,61,3507.71,350
14396,214,487.99,73
14397,4,2612.96,87
14400,150,574.7,25
14401,65,4051.48,182
14403,142,1475.81,20
14404,109,1474.32,103
14406,2,156.75,8
14407,108,2157.73,73
14408,11,2606.53,107
14409,72,2059.4500000000003,54
14410,123,1105.07,193
14411,311,1063.0,14
14412,43,770.03,43
14413,363,122.7,23
14414,92,1496.98,97
14415,20,5900.28,590
14416,23,490.22,14
14418,26,1937.25,124
14419,11,1058.06,206
14420,335,387.52,29
14421,5,813.11,27
14422,18,4263.64,222
14423,219,265.2,3
14424,18,322.08,1
14426,24,4481.67,224
14427,51,363.34000000000003,17
14428,80,1244.83,144
14431,69,470.36,17
14432,10,2255.51,382
14434,22,1372.8,12
14436,304,89.06,9
14437,454,63.0,5
14438,191,131.9,9
14439,320,2661.24,32
14440,43,2357.6800000000003,55
14441,44,1712.89,51
14442,205,1589.82,63
14443,54,1420.2,93
14446,29,1039.58,293
14447,19,1163.23,70
14448,10,375.35,20
14449,19,907.1,258
14450,4,483.25,40
14451,61,662.59,109
14452,11,264.44,62
14453,307,119.93,22
14456,23,3062.4,970
14457,311,113.64,4
14459,156,1837.92,37
14460,111,434.34,16
14461,149,2103.06,180
14462,32,2004.02,240
14463,171,529.62,6
14465,69,1058.6200000000001,130
14466,60,2272.4,72
14467,18,598.76,90
14470,12,461.19,43
14472,64,1936.84,281
14473,75,234.34000000000003,7
14474,47,547.66,29
14475,72,925.85,42
14476,258,215.7,19
14477,20,1309.6,10
14479,254,316.25,18
14480,12,279.05,13
14481,165,636.51,30
14482,19,2068.15,144
14483,282,137.1,9
14484,51,321.92,14
14485,333,165.75,47
14487,27,1196.33,144
14488,275,1064.28,46
14489,208,463.38,30
14491,176,340.93,17
14493,17,2383.2400000000002,120
14494,26,139.56,7
14495,51,123.8,6
14496,342,538.8100000000001,19
14497,283,475.37,29
14498,43,1957.32,193
14499,27,815.32,194
14500,1,356.85,7
14501,95,251.21,10
14502,20,2470.67,624
14503,11,3543.26,164
14504,48,673.26,107
14505,18,5905.64,799
14506,18,2012.17,316
14507,24,1383.18,96
14508,23,276.42,57
14511,12,1314.81,68
14512,218,275.28,23
14513,101,455.59000000000003,12
14514,9,1055.35,73
14515,18,2102.09,101
14517,142,330.45,18
14518,183,174.37,16
14520,120,270.6,4
14522,25,974.54,17
14523,109,241.09,12
14524,72,1867.68,203
14525,20,4332.2,291
14527,1,8508.82,972
14528,302,364.21999999999997,18
14529,61,620.04,229
14530,26,2925.91,216
14532,237,932.85,64
14533,25,1949.72,62
14534,2,4447.05,519
14535,61,2864.19,330
14536,260,171.8,19
14537,58,355.56,10
14538,183,388.25,19
14539,16,537.48,32
14540,10,996.26,76
14541,0,1461.65,111
14542,157,103.25,5
14543,29,3630.33,72
14544,25,2024.45,114
14546,41,2578.09,399
14547,13,4007.54,366
14548,3,652.8,4
14549,342,289.24,56
14550,11,765.62,48
14551,19,186.23,10
14552,33,165.07,58
14553,20,859.27,113
14554,11,2381.04,216
14555,58,324.14,21
14557,86,788.38,16
14560,17,2237.77,74
14561,76,1080.76,69
14562,12,5074.77,423
14565,114,3099.12,127
14566,111,1432.0,4
14567,57,1530.3600000000001,33
14569,120,227.39,12
14570,251,218.06,29
14572,41,2832.84,270
14573,35,1653.42,235
14576,666,35.400000000000006,1
14577,13,859.71,123
14578,181,168.63,24
14581,17,138.6,17
14582,41,114.11,6
14583,145,1052.55,330
14584,95,1042.26,100
14585,51,157.05,29
14586,129,237.36,19
14587,9,1601.14,383
14589,638,39.75,3
14591,16,1447.14,197
14592,57,570.46,164
14593,22,617.99,152
14594,301,379.83,53
14595,20,1740.6,102
14597,12,883.15,55
14598,45,221.97,50
14600,161,393.33000000000004,25
14601,11,213.96,7
14603,68,660.0,2
14606,5,12156.65,2700
14607,16,16569.5,86
14608,60,1785.15,20
14609,73,601.56,4
14616,36,406.08000000000004,3
14618,10,553.44,16
14619,128,394.44,20
14620,206,412.78000000000003,26
14621,90,1788.3600000000001,92
14622,126,320.58000000000004,21
14623,44,889.25,134
14624,30,225.85,13
14625,197,899.63,53
14626,24,2791.27,122
14628,36,671.96,24
14629,48,959.01,152
14631,51,1006.98,41
14632,263,114.56,8
14633,267,344.90000000000003,20
14636,269,609.85,28
14638,51,443.6,16
14639,32,2984.49,172
14640,25,2125.08,106
14641,22,110.46,7
14642,0,96.12,2
14643,171,693.8100000000001,31
14644,275,830.76,26
14645,98,597.09,30
14646,2,280206.02,2076
14647,202,243.22,30
14649,35,1417.29,199
14651,5,654.6,102
14652,78,114.18,29
14653,10,1947.55,237
14655,23,1932.23,49
14656,170,291.05,80
14657,18,848.22,126
14658,118,247.15,29
14659,79,2529.93,253
14660,87,285.74,30
14661,27,107.95,4
14662,29,771.17,168
14664,20,637.89,99
14665,31,1835.7,90
14666,25,195.25,14
14667,11,9241.2,573
14669,6,1269.99,170
14670,251,411.53,132
14672,162,765.55,61
14673,10,1736.4,74
14675,17,604.75,102
14676,79,2548.2400000000002,42
14680,26,28754.11,258
14681,5,498.95,7
14682,202,52.0,2
14684,26,1236.28,421
14687,107,628.38,15
14688,3,5630.87,327
14689,209,112.8,13
14690,33,371.7,50
14691,35,2114.33,71
14692,138,591.55,68
14693,265,172.9,8
14696,2,2078.95,130
14697,219,188.60999999999999,22
14698,16,1250.76,210
14699,96,109.13000000000001,8
14700,152,2235.3,115
14701,11,2549.37,335
14702,19,3292.14,347
14703,15,318.17,22
14704,4,1546.91,415
14705,199,179.0,1
14708,125,1126.37,28
14709,16,4921.04,196
14710,15,606.13,139
14711,11,2868.8,357
14712,60,917.07,25
14713,10,2666.36,339
14714,25,160.19,10
14715,9,867.38,71
14716,44,329.68,55
14719,11,1602.13,237
14720,31,663.81,37
14722,148,187.92000000000002,29
14723,11,1158.3,278
14725,25,718.08,52
14727,68,268.58,10
14729,697,313.49,71
14730,108,2005.06,501
14731,35,380.02,45
14732,1,2702.4900000000002,147
14733,17,9585.91,202
14735,12,6065.69,194
14737,181,1164.55,17
14738,5,1314.45,54
14739,20,3902.28,60
14740,198,1448.21,89
14741,12,1400.34,59
14744,17,1099.98,26
14745,113,1220.26,69
14747,250,328.2,18
14748,35,1415.75,89
14752,44,389.64,5
14753,88,563.15,30
14754,45,638.05,41
14755,10,5010.28,235
14756,16,738.96,38
14757,76,420.5,19
14758,145,1484.06,71
14759,113,1625.97,102
14760,298,89.2,5
14761,0,255.9,11
14762,264,300.52,21
14764,47,278.3,6
14765,60,254.11,39
14766,66,2473.37,135
14768,18,192.60000000000002,5
14769,83,10674.75,1090
14770,233,876.42,52
14772,113,139.26,9
14775,0,1011.9,60
14776,52,2538.3,117
14778,246,730.86,35
14779,251,386.15,41
14780,55,447.68,27
14782,320,200.10000000000002,6
14784,27,289.99,15
14785,11,77.4,3
14788,27,679.4399999999999,30
14789,29,197.64,6
14790,2,745.06,46
14792,153,6.2,2
14793,22,228.99,14
14794,10,1319.91,80
14795,167,131.45000000000002,6
14796,23,8022.49,1141
14798,53,173.74,12
14799,52,157.7,13
14800,30,4339.74,385
14801,91,193.14,59
14803,98,845.55,44
14804,332,353.27,12
14805,16,554.65,47
14806,76,193.39000000000001,11
14808,40,2741.17,235
14810,41,2087.88,255
14813,577,155.43,30
14815,274,778.5,53
14816,198,271.85,4
14817,160,1110.34,63
14818,74,657.8,48
14819,183,272.07,13
14820,22,507.29,29
14821,485,48.800000000000004,2
14823,4,321.43,70
14824,11,1127.71,29
14825,16,2226.91,121
14828,162,2139.76,17
14829,60,697.55,42
14830,54,197.13,40
14834,0,1720.3,67
14836,11,102.44999999999999,6
14837,31,1649.5,108
14840,268,62.85,4
14841,30,3295.76,138
14842,44,2824.69,145
14844,6,3189.81,130
14847,149,309.4,13
14849,2,7930.54,388
14850,342,325.75,21
14851,24,511.35,28
14852,0,2836.69,143
14853,5,475.8,9
14854,68,2759.83,127
14855,2,645.65,20
14856,57,1311.3799999999999,66
14857,30,1173.12,60
14859,13,1353.74,58
14860,20,170.32,11
14861,53,125.79,6
14862,26,841.1999999999999,48
14863,60,266.76,11
14865,301,52.2,4
14866,11,14389.9,99
14867,157,710.28,36
14868,22,2953.59,144
14869,104,725.7,71
14870,262,327.25,13
14871,179,522.38,98
14873,211,519.68,28
14875,108,1465.3200000000002,47
14878,4,1485.54,124
14880,78,706.19,47
14881,20,255.4,17
14882,27,589.7,11
14883,5,761.59,53
14885,132,765.3199999999999,15
14886,340,364.8,18
14887,80,1862.0,6
14888,208,369.2,20
14889,162,135.9,10
14890,254,125.65,7
14891,149,554.38,33
14893,10,1237.8500000000001,73
14894,86,655.75,23
14895,41,11138.710000000001,498
14896,205,468.77000000000004,43
14897,1,1366.38,55
14898,24,1303.52,116
14901,1,1421.29,96
14902,26,332.66,20
14903,22,2810.63,355
14904,26,1025.44,69
14905,217,616.15,17
14907,29,3501.1,165
14908,75,277.8,9
14910,26,434.35,30
14911,0,143825.06,5675
14912,17,867.85,27
14913,37,1227.43,87
14915,92,307.48,12
14916,71,1268.98,77
14918,116,1610.15,45
14920,35,977.77,57
14921,90,1316.07,78
14923,51,749.1,44
14924,128,310.05,10
14929,152,223.88,11
14930,68,2372.86,128
14931,23,1257.68,41
14932,454,363.53,17
14934,82,1890.94,87
14935,298,1784.71,10
14936,98,8137.02,364
14937,57,1621.88,34
14944,60,5900.25,170
14946,15,100.9,3
14947,73,290.82,14
14948,24,1101.97,63
14950,20,371.2,19
14951,80,311.69,20
14952,1,8099.49,138
14953,26,289.82,55
14954,13,336.17,85
14957,254,58.49,12
14958,128,499.68,42
14959,110,695.42,59
14960,172,221.27,27
14961,11,7044.68,312
14962,271,126.7,5
14963,10,1487.8,198
14964,189,206.21,13
14965,245,599.0,83
14966,15,191.32,38
14967,50,463.8,6
14968,90,147.59,37
14970,138,1592.06,34
14971,44,1116.57,160
14972,277,114.77,18
14973,108,1314.45,32
14974,302,114.39,21
14975,58,279.94,11
14976,58,790.86,72
14978,73,1931.42,216
14981,159,102.12,8
14984,4,213.27,41
14985,199,296.75,87
14987,16,326.4,4
14988,5,334.54,40
14995,251,233.23000000000002,61
14997,1,546.1999999999999,26
14998,6,429.87,75
15000,48,490.52,77
15002,116,1641.76,115
15004,148,1246.32,158
15005,16,6316.57,1119
15006,52,502.09,144
15007,278,156.91,12
15009,13,1261.78,182
15010,243,308.94,20
15012,54,423.04,128
15014,44,260.17,35
15016,173,170.04,20
15017,182,125.58,20
15018,333,496.21000000000004,31
15019,267,266.0,70
15021,27,1914.82,472
15022,12,905.04,135
15023,40,6802.76,562
15024,10,1661.33,155
15025,182,377.01,72
15026,81,469.0,61
15027,90,1066.1499999999999,35
15028,43,627.13,48
15030,72,518.28,7
15031,90,668.14,111
15032,257,4959.1,52
15033,26,2586.67,510
15034,16,4308.61,394
15035,31,252.73000000000002,27
15036,73,465.55,127
15038,0,705.49,130
15039,10,19914.44,1502
15041,171,180.35,67
15042,200,135.93,5
15043,121,537.0,3
15044,6,7700.2300000000005,453
15045,33,735.66,12
15046,10,5213.7699999999995,206
15047,270,343.62,22
15048,117,384.05,97
15049,37,121.17000000000002,3
15050,26,1782.09,78
15051,3,1391.61,143
15052,320,215.78,30
15053,186,697.79,71
15054,13,302.1,114
15057,98,1489.5,25
15058,26,2124.9900000000002,276
15059,41,1337.72,237
15060,10,303.09,121
15061,5,54534.14,403
15062,72,987.86,57
15063,66,370.79999999999995,5
15065,165,3158.13,155
15066,54,893.59,42
15067,79,1744.76,82
15068,47,553.36,104
15069,180,1109.53,70
15070,666,106.2,1
15071,98,982.07,26
15073,10,1043.41,54
15074,106,748.87,42
15075,78,773.03,27
15076,173,880.85,49
15078,12,9743.11,440
15079,35,895.61,47
15081,23,504.8,33
15083,257,88.2,5
15087,282,306.94,15
15088,22,1160.07,57
15089,11,2420.84,145
15090,252,381.32,23
15091,275,480.71,30
15092,127,457.81,26
15093,19,4597.02,108
15095,104,1370.6,47
15096,43,219.39000000000001,11
15097,212,248.08,25
15098,65,39916.5,3
15099,85,410.48,23
15100,70,876.0,3
15101,332,317.53,8
15103,87,703.36,35
15104,197,1027.44,69
15105,19,2298.93,101
15106,5,1422.52,100
15107,39,319.5,16
15108,142,1300.25,60
15109,128,484.95,28
15110,24,996.1,35
15111,60,1567.48,84
15113,10,3609.33,100
15114,38,2760.56,197
15115,19,340.11,21
15116,18,1352.75,45
15117,15,1551.78,79
15118,135,244.8,1
15119,128,266.4,14
15120,134,358.82,21
15121,51,457.72,28
15122,115,1633.78,82
15123,207,2199.31,106
15124,23,184.19,15
15125,26,11528.48,127
15127,214,406.53,16
15128,61,1471.0,102
15129,51,3447.4,84
15130,170,330.11,22
15132,19,977.9300000000001,52
15133,38,982.42,29
15134,15,1387.99,73
15135,240,139.05,9
15136,23,1286.7,68
15139,162,178.96,13
15140,53,2354.25,80
15142,47,498.74,26
15143,226,259.45,14
15144,0,6580.44,217
15145,44,1194.73,67
15146,165,1327.16,91
15147,241,623.5,28
15148,11,301.29,20
15149,134,520.8000000000001,23
15150,18,5314.47,343
15152,10,4745.69,271
15153,121,329.25,22
15154,76,296.42,85
15156,120,961.49,55
15157,125,1936.07,125
15158,46,401.40000000000003,7
15159,19,18641.010000000002,710
15160,358,158.16,4
15163,19,304.47,29
15164,209,843.05,103
15165,697,487.75,27
15167,321,163.0,41
15168,26,106.56,5
15171,9,1289.5,5
15172,71,1624.05,110
15174,323,135.75,11
15175,72,224.14,23
15178,261,40.5,3
15179,19,2206.95,93
15180,516,87.5,6
15181,176,689.4799999999999,16
15182,125,622.85,29
15184,60,406.76,63
15185,71,310.62,21
15186,15,411.41,19
15187,16,4777.18,91
15189,6,16225.39,212
15192,2,1044.32,51
15193,61,499.32,19
15194,79,7616.53,310
15195,151,3861.0,1
15197,11,1079.6100000000001,32
15198,123,193.64,10
15199,30,1268.7,13
15201,88,1236.54,69
15203,26,1827.8,142
15204,358,316.58,9
15205,86,653.24,37
15206,11,420.29999999999995,9
15208,120,870.12,42
15210,226,331.18,20
15211,61,894.4100000000001,52
15212,6,101.8,5
15213,319,328.35,24
15214,11,1661.44,110
15215,47,734.94,35
15216,88,96.6,2
15218,11,5756.89,166
15219,177,305.75,9
15220,52,1778.96,117
15221,485,403.25,5
15222,319,585.0,5
15223,226,755.75,20
15224,359,322.08,14
15225,235,409.40000000000003,23
15226,311,154.41,8
15227,127,1219.4,58
15228,170,3386.71,125
15230,240,429.6,23
15232,114,612.06,31
15234,129,197.0,14
15235,159,2247.51,143
15236,299,321.05,15
15237,79,1412.32,99
15238,60,1071.99,50
15239,11,780.59,49
15240,6,1706.57,78
15241,74,1756.44,110
15243,75,316.68,22
15244,214,631.57,34
15245,135,2515.84,89
15246,239,514.15,33
15247,93,356.0,6
15249,2,6688.46,350
15251,3,10484.99,111
15252,95,740.78,44
15253,1,918.1999999999999,53
15254,246,300.36,18
15255,244,890.85,47
15256,149,98.45,6
15257,341,317.15,7
15258,169,623.16,34
15260,101,1810.77,77
15261,136,254.82,19
15262,324,178.95000000000002,10
15263,107,156.51,12
15264,183,393.74,23
15265,33,1506.1200000000001,82
15266,223,119.3,6
15267,0,1717.36,11
15269,24,408.8,2
15270,16,2379.49,41
15271,4,2507.07,274
15272,58,721.94,63
15274,19,716.57,47
15275,302,615.14,41
15276,244,135.31,52
15277,47,255.89999999999998,12
15279,355,290.51,19
15280,173,113.12,16
15281,0,2332.15,139
15286,50,240.55,3
15287,23,486.69,20
15288,44,2306.52,88
15289,60,939.78,58
15290,43,7943.22,204
15291,4,4668.3,103
15292,202,180.94,25
15296,35,3672.86,194
15297,11,641.94,39
15298,11,4799.9,192
15299,165,4507.01,7
15300,183,496.44,28
15301,51,5070.35,243
15303,291,574.02,31
15304,61,694.4000000000001,23
15306,123,1174.35,58
15307,215,205.3,12
15308,68,310.47,19
15311,0,60767.9,2379
15312,76,924.85,47
15313,111,52.0,1
15314,200,327.97,24
15315,117,570.5,37
15316,327,165.0,1
15318,181,312.62,33
15319,341,204.5,16
15320,45,267.13,36
15321,71,2748.31,95
15322,86,679.68,42
15325,104,162.29,49
15326,70,311.71,29
15327,53,208.75,10
15329,40,1049.7,57
15330,61,714.96,13
15332,485,1661.06,35
15333,209,1028.56,16
15334,164,351.67,99
15335,54,173.97,36
15339,244,574.07,86
15341,81,2020.52,17
15342,305,406.09,24
15343,88,364.5,21
15344,75,563.94,26
15345,46,393.54,20
15346,39,252.42000000000002,17
15347,485,201.60000000000002,5
15348,73,158.04,9
15349,218,473.81,72
15350,697,115.65,5
15351,13,1960.1100000000001,225
15353,255,777.02,63
15355,54,277.05,14
15356,72,2766.5,519
15358,1,8347.2,551
15360,40,427.93,13
15361,362,418.92,7
15363,666,326.0,16
15364,215,913.19,29
15365,26,2314.32,114
15366,76,602.51,44
15367,58,1877.59,95
15368,22,446.94000000000005,4
15370,30,2386.05,94
15372,138,2007.3999999999999,27
15373,19,2415.91,132
15374,277,168.0,3
15376,41,1233.3600000000001,117
15379,98,3703.29,194
15380,47,1690.2600000000002,36
15381,66,596.85,8
15382,15,5955.71,302
15384,170,642.41,41
15385,41,316.88,12
15386,187,394.14,31
15388,271,140.54,10
15389,173,500.0,1
15392,1,1535.53,84
15393,17,231.86,12
15394,10,2183.54,85
15395,326,107.45,7
15396,113,288.18,14
15397,290,94.0,6
15398,17,1345.53,73
15399,23,815.77,50
15400,114,716.2,12
15402,149,626.77,42
15405,279,349.1,8
15406,38,510.71000000000004,53
15407,95,1056.44,153
15408,265,267.18,34
15410,85,3450.84,122
15411,27,1358.88,99
15412,172,190.53,10
15414,10,774.9000000000001,39
15415,314,572.8100000000001,48
15416,156,3984.32,192
15417,86,508.8,28
15419,25,135.86,8
15421,0,950.36,53
15422,324,97.7,6
15423,333,43.5,2
15424,255,383.34,17
15426,20,1447.39,292
15427,48,1483.14,306
15428,16,93.78,6
15429,27,397.35,82
15432,24,171.19,10
15433,66,533.3,41
15434,108,1041.48,55
15435,23,149.29,29
15436,13,1122.53,329
15437,263,200.16,45
15438,132,156.57999999999998,25
15440,55,383.68,62
15442,220,594.0,2
15443,13,3236.91,382
15444,10,1418.26,219
15445,265,113.5,5
15447,331,155.17,9
15448,313,494.64,28
15449,27,974.52,60
15450,90,429.84,30
15452,60,538.73,58
15453,57,1388.37,286
15454,363,179.1,25
15456,341,447.22,60
15457,263,237.07,58
15458,26,161.64,7
15460,355,216.76,58
15462,144,234.6,11
15463,60,126.14,7
15464,223,1048.85,157
15465,4,7354.62,97
15466,86,334.53,57
15467,10,524.88,52
15468,52,467.51,24
15469,32,538.55,24
15471,151,469.48,77
15472,114,371.56,76
15473,0,1771.2,11
15475,78,454.10999999999996,29
15478,41,1441.42,46
15480,117,905.5,45
15482,16,11054.96,98
15483,267,233.81,88
15484,19,3594.31,188
15485,90,2575.0,86
15488,123,91.32000000000001,2
15489,5,1134.28,50
15491,101,3100.09,154
15492,29,659.4599999999999,35
15493,150,2001.8,297
15494,22,1299.23,125
15497,18,1262.2,15
15498,5,13316.4,512
15500,19,1131.56,68
15502,16,10384.93,213
15503,363,147.09,70
15504,82,52.83,13
15505,53,3610.96,97
15506,23,979.26,164
15507,172,492.36,46
15508,226,1000.27,92
15510,331,250.0,1
15511,12,909.23,160
15512,156,121.0,7
15513,5,14758.220000000001,308
15514,13,4139.46,178
15516,45,62.43,15
15517,234,267.03,27
15518,39,1942.45,214
15520,120,343.5,18
15521,35,3000.2,185
15522,88,398.84,57
15523,85,412.01000000000005,10
15524,25,440.0,1
15525,18,825.92,178
15526,182,148.44,4
15527,19,2429.78,163
15528,255,229.33,26
15529,23,3995.23,672
15530,22,1502.35,108
15531,90,2007.44,228
15532,26,1580.93,256
15533,20,807.57,83
15535,174,536.4,75
15537,164,110.92,24
15539,301,538.46,41
15540,12,213.3,15
15541,115,85.13000000000001,29
15543,289,127.86,28
15544,2,3546.71,259
15545,55,292.71999999999997,81
15547,31,4954.84,702
15549,78,1693.26,115
15550,38,575.63,61
15551,274,436.06,29
15552,188,90.12,17
15553,61,437.23,56
15554,160,217.2,14
15555,0,4805.17,899
15556,25,279.77,31
15557,29,473.65000000000003,20
15561,12,800.59,27
15562,352,134.55,1
15563,23,1400.44,113
15565,51,173.16,8
15567,19,186.01,7
15568,45,758.29,53
15569,39,1375.71,31
15570,11,4165.52,323
15571,12,650.4300000000001,57
15572,26,2552.86,215
15573,86,607.45,104
15574,178,702.25,168
15576,302,940.6700000000001,45
15577,33,258.88,39
15578,163,127.1,13
15579,303,348.6,51
15581,32,3679.9700000000003,149
15582,25,682.9100000000001,44
15584,24,725.11,123
15585,177,455.3,31
15587,31,913.6800000000001,9
15589,256,478.53000000000003,29
15592,47,388.58,24
15593,71,199.8,5
15594,16,1771.78,103
15596,96,1406.59,77
15597,243,324.57,22
15598,54,240.68,14
15599,27,761.74,52
15601,12,6776.56,410
15602,23,1297.8700000000001,46
15603,79,48.480000000000004,2
15604,53,216.39,17
15605,31,1198.23,67
15606,2,2920.16,77
15607,162,104.76,13
15608,29,1093.68,60
15609,126,298.48,16
15610,52,112.46000000000001,6
15611,10,1591.45,43
15612,91,195.15,6
15615,11,10399.74,423
15618,123,776.851,45
15619,11,336.40000000000003,3
15620,57,1553.18,100
15621,12,1293.03,16
15622,44,3709.56,185
15623,142,301.03,19
15624,117,588.13,34
15625,104,1534.26,64
15626,75,675.8,49
15628,25,2870.2400000000002,155
15630,46,1186.35,60
15632,16,3285.31,167
15634,18,243.55,15
15636,31,724.76,25
15637,53,223.36,15
15639,135,425.32,25
15640,17,12515.66,484
15641,106,1887.2,119
15643,310,664.0,33
15644,167,813.0,238
15645,19,612.01,52
15646,159,447.64000000000004,35
15648,205,657.35,25
15649,162,816.0,2
15651,261,646.3,32
15652,92,337.74,21
15653,116,877.4399999999999,6
15654,10,922.53,21
15655,67,560.67,34
15656,46,748.5,47
15657,23,30.0,1
15658,198,1024.1000000000001,48
15659,44,306.45,11
15660,26,1600.86,90
15661,223,309.8,5
15663,107,138.14,9
15664,51,386.43,17
15665,67,2242.01,116
15667,40,301.32,13
15668,188,76.32000000000001,1
15669,41,684.34,33
15670,297,173.05,12
15671,19,2657.13,78
15673,1,2881.02,155
15674,66,2446.6,114
15675,82,323.69,21
15676,19,3435.76,202
15677,50,657.23,33
15678,53,352.7,12
15679,25,781.28,110
15680,10,1333.68,78
15681,26,1426.16,53
15683,118,193.75,10
15687,24,2993.1,166
15689,2,254.1,9
15690,101,239.76,19
15691,340,136.8,2
15692,29,191.04,12
15694,26,6479.4,78
15695,267,409.98,22
15696,80,2736.46,171
15699,18,309.65,18
15700,173,696.68,86
15701,74,1542.14,237
15703,265,211.5,5
15704,127,2293.62,117
15705,202,143.1,6
15706,76,1060.56,55
15707,44,945.58,214
15708,41,3364.2400000000002,288
15709,341,133.25,6
15712,10,1072.3600000000001,53
15713,144,356.7,19
15714,12,330.88,35
15716,146,1118.81,118
15717,235,150.3,7
15719,152,5045.61,937
15720,25,598.73,128
15721,12,507.08,91
15722,109,2222.56,69
15723,424,203.1,41
15724,202,218.25,11
15725,16,415.25,32
15727,9,5178.96,302
15729,35,85.0,5
15730,123,1120.88,70
15732,35,294.12,14
15733,310,162.3,10
15734,115,1339.45,26
15737,15,1205.1200000000001,72
15738,19,4812.42,173
15739,244,449.12,8
15740,50,154.88,9
15743,17,784.46,88
15744,78,34.8,3
15745,20,1094.59,62
15746,135,196.88,28
15747,13,974.04,93
15748,41,149.31,21
15749,39,44534.3,10
15750,16,2465.48,293
15752,40,2637.38,411
15753,130,79.2,1
15754,52,458.57,28
15755,1,2364.25,141
15756,64,532.96,192
15757,188,714.42,45
15758,25,205.25,9
15759,219,253.04,7
15762,78,583.75,37
15763,78,1086.92,61
15764,1,3279.97,180
15766,183,315.06,11
15768,116,621.8299999999999,27
15769,41,56252.72,130
15773,242,635.6800000000001,10
15774,303,270.8,25
15775,128,104.9,7
15776,134,241.62,18
15777,6,1047.11,21
15780,36,475.28000000000003,29
15781,26,345.46,20
15782,10,2614.7400000000002,43
15783,11,246.3,14
15785,152,2328.9700000000003,83
15786,47,4932.2,267
15787,27,948.05,206
15789,359,351.3,25
15790,11,220.85,35
15791,44,1612.69,75
15793,15,965.61,12
15795,150,610.01,42
15796,18,2711.56,133
15797,96,2207.4,8
15799,76,884.14,98
15800,108,699.08,119
15801,47,1063.95,64
15802,143,451.42,1
15803,52,415.82000000000005,8
15804,12,4206.39,262
15805,24,5528.4800000000005,301
15806,47,784.58,31
15807,51,903.9,48
15808,191,3734.9700000000003,208
15809,69,515.77,35
15810,79,1391.98,89
15811,23,2218.62,133
15812,33,1801.14,41
15813,208,1303.9099999999999,40
15814,17,1945.33,72
15815,35,2100.6,49
15819,50,1905.45,123
15820,320,206.98,17
15821,45,570.96,62
15822,181,885.47,33
15823,666,15.0,1
15825,173,532.94,20
15826,57,1654.31,68
15827,74,1836.0900000000001,115
15829,141,636.14,51
15830,302,576.0,39
15831,0,801.76,68
15832,255,836.79,54
15834,71,2233.75,273
15835,45,954.09,50
15836,51,137.37,10
15837,183,391.98,24
15838,12,33643.08,167
15839,81,1048.49,62
15840,0,355.56,27
15841,73,1224.06,47
15843,99,118.95000000000002,8
15844,47,130.73999999999998,11
15845,18,3711.77,138
15847,289,389.27,22
15850,20,238.85,97
15852,187,160.71,22
15853,52,110.8,30
15854,87,2974.65,140
15855,95,712.24,80
15856,33,16387.57,645
15857,19,297.0,14
15858,16,1438.85,191
15860,41,977.21,142
15861,13,3165.36,546
15862,113,832.88,147
15863,26,68.84,18
15864,23,1936.3200000000002,20
15865,1,895.13,40
15866,102,230.53,45
15867,23,3812.64,461
15869,160,149.64,15
15870,152,354.09000000000003,76
15872,15,360.93,128
15874,128,4405.88,120
15877,18,493.28,129
15880,577,343.28000000000003,105
15881,313,501.39000000000004,29
15882,199,516.36,23
15883,151,396.48,49
15885,123,379.35,18
15886,61,181.09,12
15888,81,168.31,12
15889,186,446.87,93
15891,227,524.52,62
15894,254,263.55,41
15895,150,179.17,11
15897,195,222.05,24
15898,120,1388.88,86
15899,546,56.25,4
15900,24,351.11,51
15901,17,363.88,116
15903,10,5126.76,74
15904,332,164.68,30
15906,20,1567.69,150
15907,177,967.45,249
15909,174,191.94,7
15910,16,1232.18,267
15912,179,264.62,19
15916,17,1528.09,155
15917,189,123.1,12
15918,272,334.23,40
15919,20,639.89,143
15920,125,167.5,60
15921,173,336.03000000000003,25
15922,697,369.5,11
15923,666,127.08,21
15925,195,207.15,12
15930,275,426.63,21
15932,1,2495.87,115
15933,22,1107.46,74
15935,6,416.86,12
15937,183,145.35,7
15938,113,404.58,18
15939,4,6115.01,76
15940,342,35.8,1
15942,134,337.44,14
15944,129,325.1,6
15945,454,181.0,2
15947,83,1708.24,29
15948,44,955.24,60
15949,17,364.72,19
15950,79,1765.51,98
15951,286,708.22,41
15952,182,806.57,91
15953,5,1659.3799999999999,98
15955,25,4416.26,183
15957,121,428.89,42
15958,75,104.35,7
15963,20,470.76,28
15965,18,845.64,122
15967,24,418.83,84
15969,50,666.1,20
15970,99,314.1,11
15971,1,4199.85,35
15973,485,307.82000000000005,4
15974,5,3442.15,176
15975,85,371.01,24
15976,166,430.94,98
15977,18,1054.73,65
15978,78,1098.78,49
15980,1,2398.86,43
15981,6,3408.48,97
15983,23,1475.02,113
15984,72,2837.67,270
15985,124,1142.42,37
15986,90,168.12,14
15987,13,1451.28,140
15988,20,158.03,27
15990,45,792.11,52
15992,181,41.989999999999995,3
15993,17,2797.57,552
15994,55,427.07,35
15996,1,1060.68,130
15998,88,3089.97,506
16000,151,12393.7,9
16003,60,2735.37,103
16005,13,615.39,218
16006,5,101.4,8
16007,4,1701.94,385
16008,24,478.78,33
16009,23,992.71,90
16010,128,407.5,86
16011,2,3362.71,212
16012,156,1415.29,94
16013,2,37130.6,139
16014,64,662.38,145
16015,27,705.39,182
16016,16,1508.76,235
16017,48,211.88,32
16018,4,408.90000000000003,28
16019,47,3786.2400000000002,160
16020,17,851.01,46
16022,261,628.28,76
16023,47,719.81,101
16024,13,251.24,64
16025,60,439.65999999999997,28
16026,44,236.09,32
16027,69,934.62,16
16029,30,81024.84,242
16030,283,331.24,29
16031,123,548.94,100
16033,5,8816.4,1137
16034,39,437.7,22
16036,88,758.92,55
16037,130,855.02,39
16038,178,471.78000000000003,26
16040,149,1313.55,65
16041,90,3166.4,6
16042,23,1197.27,71
16043,5,773.99,39
16045,2,1340.7,83
16048,697,256.44,8
16049,41,1111.79,312
16050,174,137.9,10
16052,55,362.06,34
16053,93,1511.95,84
16054,146,783.9,70
16055,280,134.8,8
16056,46,664.85,68
16057,5,2263.12,121
16059,72,1459.8600000000001,180
16062,6,1153.62,64
16063,261,335.32,23
16065,454,372.09,74
16066,17,1521.87,102
16070,23,852.15,33
16071,45,326.24,21
16072,289,584.3199999999999,23
16073,298,122.39999999999999,1
16076,23,2234.73,129
16078,341,79.2,1
16079,17,1352.0,21
16080,68,217.16,10
16081,57,2806.9,227
16083,101,1317.62,31
16084,300,436.18,38
16085,0,981.51,167
16086,30,1121.39,39
16091,125,315.06,18
16092,115,817.86,51
16093,107,17.0,1
16094,12,1078.23,63
16096,265,320.62,12
16097,241,185.04999999999998,10
16098,88,2005.63,67
16099,51,731.9,39
16101,71,1290.7,76
16102,43,1842.14,57
16103,80,1429.64,48
16104,91,302.36,29
16105,220,336.96,13
16106,214,108.38,6
16107,18,3204.1600000000003,31
16108,85,842.5,48
16109,219,611.88,18
16110,46,1337.48,354
16112,70,195.73999999999998,16
16113,95,161.38,30
16114,171,135.75000000000003,8
16115,4,1667.97,284
16116,5,612.78,34
16117,279,232.21,30
16119,73,423.36,16
16120,30,1309.14,30
16121,58,867.11,212
16122,39,684.4200000000001,38
16123,52,307.78,16
16124,318,249.0,11
16125,516,289.35,13
16126,60,6287.77,117
16127,40,656.25,40
16128,18,1880.22,89
16131,52,3506.54,78
16133,17,14589.04,338
16134,22,618.09,35
16135,263,517.55,21
16136,30,709.38,37
16139,19,635.41,31
16140,214,725.18,35
16141,1,620.4,30
16142,250,535.34,37
16143,35,2424.94,117
16144,159,175.2,1
16145,3,3799.4900000000002,224
16146,204,734.13,29
16147,134,375.0,22
16148,297,76.32000000000001,1
16149,143,280.52,18
16150,1,2053.02,117
16152,269,1829.04,29
16153,50,1824.23,89
16156,25,3122.04,130
16157,16,656.69,18
16159,282,348.2,14
16160,86,1025.44,20
16161,15,5575.56,474
16162,340,37.4,2
16163,233,856.6,6
16164,18,822.48,34
16168,3,3787.6,98
16169,40,1822.97,85
16170,51,1885.05,125
16171,30,73.2,3
16172,6,1140.21,69
16173,16,1418.32,84
16174,33,1009.5500000000001,23
16175,170,1037.59,58
16177,51,331.95,15
16178,139,197.9,8
16179,61,215.83,11
16180,101,10254.18,162
16181,74,305.54,11
16182,73,6617.65,28
16183,275,338.71000000000004,15
16184,5,1158.79,45
16185,17,529.41,31
16186,5,4006.94,218
16187,52,6911.4400000000005,295
16188,36,981.86,67
16189,16,215.48,11
16190,41,215.08,6
16191,12,5180.52,134
16193,237,314.45,19
16198,76,400.68100000000004,15
16200,165,1080.6200000000001,179
16201,22,1863.47,111
16202,361,365.27,18
16203,0,592.9,35
16204,24,405.71,57
16205,90,761.38,98
16206,55,537.0600000000001,63
16207,26,394.38,19
16208,45,664.26,66
16209,1,2262.62,46
16210,10,21086.3,123
16211,1,547.02,23
16212,20,690.34,41
16213,79,159.0,6
16214,171,1062.75,44
16215,81,242.35,14
16216,268,914.9300000000001,37
16217,236,304.25,15
16218,60,3084.68,84
16221,98,864.86,97
16222,319,846.72,137
16224,58,1295.3,96
16225,45,1096.32,134
16226,204,255.12,8
16227,226,314.22,6
16229,35,1010.6,47
16230,279,542.03,35
16232,44,990.88,37
16233,72,536.6800000000001,22
16235,39,867.31,46
16236,79,432.2,20
16239,57,414.2,19
16240,25,3718.8,135
16241,0,2607.87,662
16242,19,3603.21,294
16243,55,409.1,51
16244,5,1522.75,91
16245,24,1413.66,90
16247,171,114.56,16
16248,91,152.94,7
16249,53,1800.07,69
16250,262,389.44,24
16253,244,3683.86,123
16255,17,2619.91,270
16256,267,752.4300000000001,13
16257,177,46.95,2
16258,46,5203.51,135
16260,51,1035.45,18
16261,18,746.83,124
16265,10,5447.0,258
16266,74,861.89,61
16268,72,667.65,45
16270,354,1141.24,54
16271,16,1429.24,133
16272,117,411.7,25
16274,697,357.95,67
16275,197,559.87,33
16276,177,810.6000000000001,6
16278,101,566.38,23
16279,22,1509.58,107
16281,73,2062.06,17
16282,253,168.3,11
16283,32,1570.81,166
16284,51,823.97,109
16287,170,142.5,8
16292,63,302.25,17
16293,22,2248.9900000000002,118
16295,0,1328.55,79
16297,269,301.9,20
16298,23,598.2,27
16302,216,233.22,11
16303,26,5360.63,162
16305,139,361.21999999999997,22
16306,38,632.27,41
16308,108,2560.0,4
16309,107,706.57,42
16311,18,616.26,37
16313,50,274.15000000000003,16
16315,331,226.37,14
16316,98,2938.91,151
16317,2,1341.65,69
16318,243,328.15,19
16319,188,404.40000000000003,3
16320,66,1038.46,56
16321,73,373.65000000000003,12
16322,120,326.75,37
16323,197,207.50000000000003,1
16324,178,428.68,118
16325,47,594.24,18
16326,16,3110.96,319
16327,15,3844.22,319
16330,18,251.91,39
16332,29,1593.2,153
16333,124,26626.8,45
16337,274,151.05,10
16338,217,214.79999999999998,11
16339,285,109.95,20
16340,108,549.07,153
16341,25,1971.87,77
16342,76,322.41,15
16343,17,370.47999999999996,47
16344,247,101.10000000000001,2
16345,45,575.41,38
16347,12,887.65,92
16348,79,1469.45,235
16349,291,53.5,9
16350,22,1116.47,57
16351,39,153.9,8
16352,18,494.44,28
16353,9,6675.71,94
16354,74,395.8,39
16356,160,211.77,31
16357,66,658.88,34
16358,80,2027.5,109
16359,9,1750.92,66
16360,1,3512.53,662
16361,10,896.66,106
16362,30,734.77,81
16363,54,109.36000000000001,5
16364,12,707.04,53
16365,3,1540.42,51
16366,19,327.3,18
16367,302,804.49,130
16368,29,497.43,76
16369,19,1553.66,118
16370,65,1320.56,228
16372,182,367.93,97
16374,244,473.03000000000003,111
16376,18,987.01,125
16377,268,676.2,5
16378,189,362.95,23
16379,19,2157.4,108
16380,91,1780.59,32
16383,75,668.36,102
16384,31,584.5,33
16385,61,555.89,59
16386,29,317.2,88
16387,323,94.36,4
16389,54,1382.07,34
16392,270,221.19,45
16393,12,3046.21,330
16394,57,1555.34,83
16395,61,1486.9,210
16398,125,1705.8,82
16399,20,408.57,73
16400,184,303.93,29
16401,15,4098.32,186
16402,265,299.6,60
16403,313,177.5,10
16404,71,443.05,23
16405,69,167.25,5
16406,19,163.07,62
16407,13,2126.93,172
16409,3,2028.88,232
16411,20,214.65,45
16412,54,151.83,35
16413,57,262.2,31
16414,22,126.25,7
16415,45,210.35,54
16416,27,1051.4,71
16418,45,675.27,102
16419,98,972.23,51
16422,18,34684.4,369
16423,25,346.12,18
16424,338,133.56,5
16425,69,302.7,21
16426,22,1908.25,372
16427,264,241.06,9
16429,107,284.55,2
16430,58,300.85,6
16431,66,642.81,83
16432,183,287.4,8
16433,29,184.26,17
16434,48,1522.25,109
16438,27,798.35,132
16440,52,3640.67,282
16441,275,381.2,24
16442,120,616.79,174
16444,47,654.67,84
16445,182,230.51,63
16446,89,168472.5,3
16447,136,259.01,36
16448,199,188.89000000000001,20
16449,198,707.69,40
16450,150,311.92,11
16451,88,266.97,14
16454,45,6.9,2
16455,153,1841.18,99
16456,104,2158.37,111
16457,219,208.36,9
16458,1,3482.7400000000002,202
16460,29,814.72,135
16461,178,151.42,33
16462,74,136.0,3
16463,22,1422.4,82
16464,20,1314.68,236
16466,4,1603.46,148
16468,75,74.9,2
16469,24,650.43,182
16470,52,762.39,170
16471,68,223.95000000000002,13
16473,162,316.11,18
16474,18,1871.5,360
16475,1,544.3,28
16477,68,2494.46,146
16478,26,331.0,17
16479,11,300.83,35
16480,76,769.29,53
16482,16,220.62,18
16483,193,139.35,19
16484,174,404.3,25
16485,78,363.65,42
16488,115,498.8,29
16491,47,731.5,39
16493,80,1351.63,56
16494,297,826.53,50
16495,129,684.41,97
16496,208,1599.52,95
16497,50,2965.69,136
16498,163,100.97,15
16499,361,365.45,19
16500,17,400.86,11
16503,96,1431.93,84
16504,26,484.38,86
16505,121,777.6,4
16506,20,90.30000000000001,3
16509,297,363.7,13
16510,666,248.1,13
16511,22,950.26,169
16513,20,874.59,35
16515,3,1627.13,113
16516,90,101.69999999999999,6
16517,160,162.7,17
16518,91,484.32,40
16519,26,215.07999999999998,13
16520,187,1046.57,156
16523,16,9418.470000000001,290
16525,9,13027.45,183
16526,172,290.36,15
16527,82,228.06,14
16528,181,244.41,17
16529,307,455.25,30
16531,23,1244.59,77
16532,18,6748.8,4
16533,20,1095.56,177
16535,242,593.75,31
16536,111,548.97,55
16539,151,1388.81,45
16542,54,119.62,5
16545,165,339.3,3
16546,291,787.15,25
16549,11,4154.64,981
16550,109,2298.97,251
16551,162,922.12,32
16552,36,379.73,17
16553,68,5719.82,84
16554,9,837.1,52
16555,110,285.89,17
16556,106,3313.79,207
16557,25,281.85,11
16558,23,8338.49,460
16560,27,841.41,56
16561,30,511.12,31
16563,54,1077.74,19
16565,424,173.7,3
16566,16,614.66,18
16567,162,865.6,35
16569,181,124.2,5
16570,16,3738.4,126
16571,27,1421.69,87
16572,33,1009.6,57
16573,85,663.61,42
16574,72,451.44,28
16581,65,105.84,9
16582,114,313.62,6
16583,697,233.45,14
16584,81,936.08,28
16586,220,463.95,8
16587,233,225.15,13
16589,72,459.24,33
16591,303,213.5,10
16592,13,4113.68,216
16593,51,330.03,27
16594,76,181.09,53
16595,91,360.16,85
16596,16,250.15,12
16597,212,90.04,7
16598,286,145.04999999999998,10
16600,17,813.52,62
16601,41,244.79999999999998,31
16602,274,528.08,29
16603,75,482.47,34
16607,0,3347.71,172
16609,3,5493.46,276
16610,249,75.66,6
16611,187,129.49,10
16612,2,1187.66,66
16613,71,618.59,30
16614,65,506.19,26
16616,16,500.42,33
16617,236,151.85,5
16618,121,2647.59,96
16619,264,226.21,14
16620,181,178.96,9
16621,52,813.48,29
16623,128,129.45,5
16624,81,810.5699999999999,48
16625,68,333.08,23
16626,23,4413.1,179
16627,80,322.8,20
16628,60,2188.05,117
16629,74,417.73,64
16633,4,2883.1,152
16634,339,217.9,9
16637,61,1154.47,69
16638,23,1680.72,94
16639,121,1257.51,50
16641,106,231.10000000000002,12
16642,208,688.33,34
16643,128,487.51,27
16644,35,833.78,62
16647,170,214.06,14
16648,43,290.65999999999997,19
16650,72,518.42,24
16652,0,6773.97,118
16653,17,1212.66,69
16654,142,601.27,29
16655,9,3794.52,261
16656,3,8625.8,73
16657,10,933.62,208
16658,546,123.24,8
16659,279,39.12,2
16660,17,1267.6499999999999,16
16665,363,135.39999999999998,9
16666,20,118.98,32
16667,285,570.13,53
16668,16,306.71999999999997,20
16669,24,1374.8700000000001,160
16670,17,4095.9,252
16671,29,1692.27,6
16672,6,8134.9400000000005,114
16674,55,319.61,98
16676,66,1592.1200000000001,89
16678,2,3109.99,163
16679,485,129.75,3
16680,44,183.7,10
16681,73,1770.34,44
16682,58,1028.0,30
16684,12,66653.56,277
16685,91,324.24,62
16686,48,3062.83,585
16688,11,1260.86,62
16689,76,422.59999999999997,13
16690,73,225.57999999999998,12
16692,257,1276.0,3
16693,272,482.01,60
16696,66,657.9000000000001,10
16697,6,112.75,21
16698,227,1998.0,5
16700,3,5076.55,308
16701,9,5398.3,144
16705,6,14034.99,270
16706,115,531.35,123
16708,46,656.63,27
16709,85,3029.87,79
16710,20,2483.04,402
16711,27,1651.03,22
16712,10,3645.43,447
16713,6,6923.13,624
16714,219,1161.53,93
16715,79,301.71999999999997,19
16716,267,901.2,2
16717,24,3858.38,199
16718,577,623.75,45
16719,15,1790.42,201
16720,27,155.24,27
16721,263,292.47,37
16722,18,4730.81,225
16723,92,589.15,43
16725,69,781.02,151
16726,27,1382.02,185
16727,424,272.82,46
16728,47,1054.67,269
16729,6,7239.92,660
16730,53,743.11,82
16732,121,603.75,28
16734,53,650.51,53
16735,79,2300.56,125
16737,54,417.59999999999997,1
16738,298,3.75,1
16739,177,323.0,13
16742,47,464.9,1
16743,5,2238.09,191
16744,12,1304.76,242
16745,2,7194.3,357
16746,2,6697.66,449
16747,275,836.06,42
16748,18,1515.9,69
16750,45,623.93,95
16751,90,1764.72,25
16752,666,207.5,9
16753,0,223.92000000000002,34
16754,666,2002.4,2
16755,115,1496.83,170
16756,96,239.4,13
16757,319,106.83000000000001,7
16758,214,369.34000000000003,22
16759,90,789.79,42
16761,245,316.62,13
16762,20,1501.38,89
16763,199,611.85,23
16764,10,2799.25,706
16765,295,34.0,1
16766,37,1145.6,34
16767,65,5580.6,222
16768,48,478.09000000000003,54
16769,261,380.39,40
16770,58,770.1,145
16771,76,2246.81,255
16773,58,171.59,26
16774,117,661.52,48
16775,11,1695.66,158
16776,61,388.28,76
16777,81,226.35,50
16778,68,245.94,16
16779,9,10629.720000000001,333
16780,101,425.19,60
16781,666,311.25,17
16782,11,2279.9,190
16784,20,107.6,3
16788,124,597.48,155
16789,332,80.8,5
16790,17,1545.6200000000001,93
16791,39,1721.78,320
16792,310,110.38000000000001,12
16793,58,243.84,16
16794,4,1222.71,285
16795,454,414.88,66
16796,31,305.62,18
16800,12,1201.49,164
16801,37,1619.73,76
16803,214,332.3,24
16804,24,536.99,60
16805,174,460.59,98
16806,104,801.49,103
16807,127,1121.59,67
16808,68,288.42,23
16809,24,914.69,149
16810,193,309.54,15
16811,18,547.07,28
16812,361,479.35,15
16813,51,1692.98,449
16814,6,6509.1,324
16816,104,417.06,28
16817,37,1604.75,86
16818,11,3349.57,188
16820,215,497.61,26
16823,228,358.38,38
16824,16,460.64,26
16825,157,775.1800000000001,28
16826,52,341.7,22
16828,113,128.5,8
16829,186,197.22,11
16830,333,325.91,23
16832,126,199.15,12
16833,100,1106.53,47
16834,228,413.46,24
16835,277,180.85,10
16836,40,251.87,11
16837,30,3170.98,165
16838,198,588.85,25
16839,1,16594.35,266
16841,66,1869.82,116
16842,69,1264.19,63
16843,6,10196.57,378
16846,51,214.32,11
16847,44,193.44,12
16848,53,281.42,14
16849,187,124.57,8
16850,70,332.41,19
16851,43,342.45,20
16852,11,144.91000000000003,9
16855,24,328.4,19
16856,15,35.400000000000006,2
16858,546,375.69000000000005,10
16859,145,747.81,52
16861,30,173.76,6
16863,121,502.8,26
16866,64,207.73999999999998,11
16869,23,825.42,128
16871,23,2812.34,137
16872,78,680.02,7
16873,91,7123.62,279
16875,145,2095.53,112
16877,13,853.72,159
16878,85,13.3,3
16880,64,1519.08,178
16881,244,432.0,1
16882,240,705.12,39
16883,218,276.73,38
16884,302,429.84000000000003,26
16885,16,471.51,101
16887,243,194.88,37
16889,67,1578.67,135
16891,120,809.7,203
16892,16,525.54,99
16893,485,145.93,45
16895,183,219.14,69
16897,300,289.78,37
16898,27,508.81,162
16899,20,1281.56,125
16900,17,887.11,79
16902,117,1706.88,44
16903,60,373.24,60
16904,60,3754.27,710
16905,20,3102.43,208
16906,82,579.77,93
16907,60,981.65,151
16909,73,379.14,18
16910,10,1510.06,547
16912,29,2575.38,101
16913,291,113.44,8
16914,274,208.46,38
16915,10,621.6800000000001,57
16916,24,576.26,143
16917,129,391.52,9
16918,50,1068.82,128
16919,6,2596.45,327
16921,91,169.79,60
16923,13,7247.61,672
16924,22,846.75,83
16926,638,230.25,14
16927,116,543.05,6
16928,32,2847.6,209
16929,18,1295.39,77
16930,27,380.55,54
16931,20,4604.22,898
16932,54,161.94,53
16933,120,563.23,44
16934,55,950.9300000000001,62
16936,26,262.68,57
16938,4,2736.38,241
16940,53,3049.88,305
16942,13,1920.59,281
16943,5,816.73,33
16945,0,4345.5,249
16947,236,406.48,21
16948,139,435.02,19
16949,41,1286.27,60
16950,57,1178.56,42
16951,130,1277.75,86
16952,110,167.61,16
16953,90,20.8,1
16954,17,2085.08,54
16955,126,518.67,25
16956,18,308.74,16
16957,240,416.64,16
16959,88,117.35000000000001,7
16960,61,507.05,101
16961,117,234.17,14
16963,218,110.55000000000001,7
16965,227,201.19,26
16966,16,2154.97,28
16967,279,319.02,21
16968,108,439.43,31
16969,40,650.41,42
16971,333,357.21,41
16976,268,251.51999999999998,2
16978,78,344.33,39
16979,18,1852.0,89
16980,256,1078.96,87
16982,61,384.06,22
16983,4,1931.25,148
16984,1,4481.35,407
16985,1,5464.12,120
16986,60,1873.2,3
16987,43,1625.05,129
16988,242,126.12,7
16989,3,1133.25,12
16990,219,179.0,1
16992,11,1614.31,93
16996,63,1456.96,37
16997,283,702.0,12
16998,130,295.0,4
16999,24,484.82,23
17001,23,3989.57,169
17002,86,1493.73,49
17004,47,1412.94,44
17006,19,781.78,44
17007,51,889.9300000000001,52
17010,19,195.36,11
17011,90,270.9,15
17014,152,586.33,74
17015,29,1842.56,217
17017,10,8694.26,252
17018,41,920.1,16
17019,12,1272.61,234
17022,121,71.0,7
17024,46,95.85,3
17025,61,357.77,9
17026,157,154.82999999999998,4
17027,79,890.29,153
17029,111,716.0,2
17030,153,146.87,11
17031,12,380.35,22
17033,87,1030.14,28
17034,17,745.52,30
17035,128,433.53000000000003,28
17037,88,1267.32,75
17038,90,112.4,22
17040,138,449.73,15
17041,27,1081.57,70
17042,63,1044.3799999999999,98
17043,52,1735.18,102
17044,26,948.48,6
17045,114,339.44,22
17046,217,642.02,22
17047,86,1100.9,65
17048,9,925.35,43
17049,22,5659.9800000000005,318
17050,190,3228.84,316
17051,195,247.14000000000001,43
17052,29,413.75,92
17053,336,498.48,13
17054,29,1356.33,83
17058,82,1179.89,62
17059,60,3095.04,516
17060,267,234.24,5
17061,74,5232.2300000000005,99
17062,314,538.37,70
17063,22,1461.14,78
17064,0,859.35,62
17068,13,4552.14,296
17069,29,2709.7000000000003,143
17070,115,312.14,64
17071,1,2429.03,140
17073,18,1446.09,174
17075,18,834.12,77
17076,37,841.0799999999999,25
17078,274,378.2,28
17079,79,118.80000000000001,2
17080,23,287.62,8
17081,26,290.16,64
17082,182,2003.85,81
17083,99,1405.78,52
17084,243,2949.75,162
17085,124,1566.65,187
17086,25,2050.08,96
17088,29,1991.01,115
17090,1,2043.95,63
17091,121,3827.76,195
17092,51,1777.78,125
17094,323,302.0,14
17095,23,1324.16,74
17096,0,1022.13,48
17097,11,954.42,211
17100,19,971.74,65
17101,11,1621.73,42
17102,262,25.5,1
17105,191,665.78,90
17107,76,10815.43,418
17109,45,885.04,117
17110,166,163.29999999999998,12
17111,48,248.61,30
17114,100,808.62,127
17115,65,837.5,39
17117,289,116.19999999999999,9
17118,318,157.02,10
17119,30,606.91,35
17120,234,307.46,18
17122,2,138.32,7
17123,337,345.29999999999995,9
17124,157,298.89,32
17125,51,259.35,40
17126,64,1004.75,260
17128,100,157.09,14
17131,48,2463.17,134
17133,16,4892.240000000001,27
17134,107,425.0,24
17135,17,1139.73,52
17138,98,380.5,24
17139,1,10668.47,478
17140,189,465.32,20
17142,240,579.0,15
17144,85,984.57,48
17146,106,749.78,35
17147,23,1714.59,81
17148,52,124.88,9
17152,195,1689.5,14
17153,25,213.78,14
17154,76,329.34,23
17155,18,251.70000000000002,20
17157,177,319.0,13
17158,152,1266.97,67
17159,22,1538.88,101
17160,6,3518.03,229
17162,29,1715.46,104
17163,22,293.1,5
17164,33,2467.35,144
17165,285,158.68,10
17166,204,206.34,12
17169,58,835.78,54
17171,290,224.91,16
17172,79,317.76,15
17173,0,3766.6,86
17174,188,59.9,4
17175,4,1443.69,63
17176,202,306.13,15
17179,179,711.79,80
17180,6,796.03,128
17181,58,239.92000000000002,23
17183,23,3347.31,73
17186,47,144.0,2
17187,227,203.95,10
17188,12,2474.23,84
17189,107,384.40000000000003,61
17190,0,444.74,19
17191,29,2095.13,237
17193,0,1699.3000000000002,32
17194,37,262.62,29
17197,60,1013.01,29
17198,24,692.22,96
17201,54,342.63,40
17203,53,3563.85,152
17204,6,1564.56,57
17205,54,384.08,13
17206,54,204.24,7
17211,4,2317.2200000000003,211
17212,254,226.85,4
17213,41,2781.23,157
17214,61,1069.1200000000001,103
17217,235,113.5,9
17218,12,1960.72,274
17219,121,114.23,25
17220,25,3198.25,472
17221,274,335.13,63
17222,214,354.15,28
17223,311,426.79,49
17226,252,393.49,21
17227,19,939.32,47
17228,16,1906.09,208
17229,143,318.76,47
17230,265,3638.41,69
17231,13,3174.32,541
17232,15,421.52,36
17233,243,190.88,25
17234,65,149.89000000000001,14
17235,26,550.06,29
17236,13,916.13,105
17237,12,314.69,19
17238,18,3744.65,566
17239,313,382.5,15
17242,4,1135.04,40
17243,15,8676.85,400
17244,54,954.9,31
17245,205,171.45,9
17247,16,282.19,55
17248,32,318.65,69
17250,181,384.52,57
17251,363,283.28000000000003,39
17252,117,353.86,87
17253,19,178.26,18
17254,16,272.44,112
17255,41,298.41,78
17256,108,240.0,16
17259,149,603.37,124
17262,53,1253.3600000000001,12
17263,209,63.440000000000005,23
17265,4,562.9,127
17266,148,310.64,80
17267,246,317.62,38
17268,3,763.64,6
17272,43,2148.63,114
17274,243,111.97999999999999,27
17277,228,1065.3500000000001,69
17278,6,246.04,15
17279,58,187.82999999999998,9
17282,174,1703.41,94
17284,32,1652.58,292
17286,22,153.92,45
17287,27,1064.11,124
17288,10,1419.73,142
17289,4,944.41,111
17290,17,525.24,102
17291,252,550.8000000000001,1
17293,0,1875.1100000000001,135
17295,29,556.95,69
17297,18,131.78,51
17298,102,498.42,30
17299,12,669.11,57
17301,22,197.63,66
17302,15,1135.63,79
17303,362,250.04,53
17306,11,8631.31,66
17309,215,82.75,12
17311,79,1384.85,55
17312,139,644.3,14
17313,121,2328.84,24
17314,0,2527.92,131
17315,5,6292.26,473
17317,31,2600.34,9
17320,101,1200.6200000000001,73
17321,275,700.86,107
17323,16,921.07,200
17324,9,990.23,50
17325,251,96.8,6
17329,15,523.11,33
17330,23,363.9,6
17331,124,175.2,1
17333,86,494.25,28
17334,69,307.02,11
17337,5,2027.8700000000001,543
17338,9,6643.93,753
17339,184,243.36,9
17340,32,12353.29,407
17341,186,781.36,183
17343,356,193.64,17
17344,47,160.57,32
17345,16,537.74,87
17346,0,2676.56,500
17347,87,228.96,1
17348,15,1159.52,215
17349,180,110.75,9
17350,46,1286.07,71
17351,37,587.15,27
17353,125,1740.0,8
17354,51,1393.06,16
17356,342,178.22,19
17357,25,388.14,45
17358,99,365.85,59
17359,12,127.86,15
17360,18,585.79,132
17361,50,488.2,29
17362,240,312.23,35
17364,9,4481.18,411
17365,13,4801.56,468
17367,239,168.4,34
17368,24,1912.67,111
17370,73,446.18,33
17371,18,423.89,87
17372,41,1342.68,253
17373,41,646.92,57
17374,219,495.77,28
17375,200,400.1,69
17376,71,203.2,24
17377,24,4100.92,418
17379,12,404.66,83
17381,2,20275.61,109
17382,214,65.4,2
17383,212,199.29,51
17384,20,336.4,15
17385,15,261.11,47
17386,114,2686.42,28
17387,20,784.11,78
17388,5,1259.56,15
17389,9,31833.68,213
17391,164,508.8,3
17392,191,457.91,62
17394,249,203.86999999999998,4
17396,40,7330.8,27
17397,23,696.41,92
17398,115,653.38,38
17400,211,2129.96,213
17402,51,2633.85,59
17403,274,281.62,33
17404,5,31906.82,198
17405,3,1031.41,82
17406,70,2200.42,113
17408,164,32.65,2
17409,126,771.85,13
17410,0,1214.72,64
17411,13,778.94,41
17412,24,1258.06,66
17414,44,778.0,6
17415,80,507.84,14
17416,60,6893.42,269
17418,43,463.46000000000004,30
17419,12,4226.57,206
17420,51,598.83,30
17422,4,1979.37,117
17423,47,698.41,26
17425,20,759.17,43
17426,92,5037.26,271
17427,72,100.8,2
17428,6,17256.85,328
17429,157,524.9200000000001,39
17430,152,265.76,14
17431,314,403.3,43
17432,19,365.76,48
17433,1,303.15999999999997,54
17434,10,2373.82,134
17436,120,216.29999999999998,9
17438,254,388.45000000000005,17
17440,186,186.42000000000002,5
17442,63,2248.56,135
17443,249,534.24,1
17444,33,2940.04,135
17446,177,120.9,9
17447,41,541.53,36
17449,46,2520.86,277
17450,3,194550.79,337
17451,16,1721.4,100
17453,18,486.71999999999997,19
17454,193,517.53,61
17455,204,131.7,8
17456,454,249.86,17
17457,205,1737.7,19
17458,16,316.5,54
17459,44,657.3,111
17460,184,622.4300000000001,29
17461,23,757.46,111
17462,61,675.69,27
17463,17,1896.41,215
17464,247,289.96000000000004,9
17466,11,763.28,41
17468,11,137.0,5
17469,17,1870.97,88
17470,45,1125.07,78
17472,289,710.29,181
17475,80,194.37,14
17480,78,511.82,29
17481,16,1255.59,82
17483,95,414.04,21
17486,262,396.87,24
17489,0,376.64,29
17490,74,2092.32,76
17491,15,3558.87,109
17492,220,374.57,12
17495,301,497.56,27
17496,359,271.05,10
17498,76,272.22,17
17499,290,622.88,40
17500,18,1138.0,5
17501,280,288.6,18
17502,10,689.1,28
17503,151,558.96,38
17504,188,2997.0299999999997,127
17505,206,1145.84,52
17506,76,302.2,14
17507,262,605.58,88
17508,251,387.31,22
17509,58,6115.14,366
17510,25,308.48,20
17511,6,91062.38,963
17512,29,2924.9900000000002,105
17513,73,513.2,6
17514,277,208.65,40
17515,121,639.02,87
17516,2,768.08,137
17517,252,153.94,11
17519,18,1844.02,82
17520,54,546.81,30
17521,60,723.2099999999999,45
17522,95,1070.71,73
17523,12,652.74,33
17524,362,145.0,6
17525,360,422.70000000000005,9
17526,212,1195.8999999999999,19
17527,54,939.37,47
17528,0,3628.5,253
17530,17,2385.0,394
17531,307,296.7,14
17534,54,223.36,9
17535,251,164.4,13
17536,178,76.5,3
17537,60,897.62,75
17538,26,98.42,9
17540,25,578.9,25
17542,270,170.75,25
17545,44,645.96,145
17548,234,103.3,5
17549,24,148.86,6
17550,67,267.16,42
17551,360,306.84,43
17552,61,930.41,49
17553,305,1487.6,2
17554,17,1952.45,88
17555,20,483.26,106
17556,206,157.9,6
17557,15,541.46,34
17560,156,854.95,26
17561,20,167.62,46
17562,15,1122.38,63
17564,25,454.01,49
17566,26,901.21,152
17567,58,4331.48,165
17569,39,344.14,29
17571,51,1498.51,299
17572,72,226.75000000000003,12
17573,60,380.6,25
17574,36,185.65,8
17576,3,3622.68,411
17578,219,143.45999999999998,5
17579,138,448.90000000000003,50
17580,313,215.72,45
17581,66,11045.04,440
17582,237,175.27,29
17584,246,1242.3,35
17585,110,1133.07,214
17588,101,1240.2,23
17589,33,2404.17,253
17590,18,1479.22,201
17591,74,2225.9700000000003,166
17593,92,3927.34,213
17594,86,993.18,50
17595,13,388.79,83
17596,24,2827.93,270
17597,66,2044.3700000000001,55
17600,18,161.67000000000002,13
17601,240,116.00999999999999,9
17602,24,5102.97,560
17603,79,394.72,11
17604,188,309.36,63
17608,182,193.42,59
17609,41,1112.22,237
17611,36,3984.22,576
17612,54,2048.45,135
17613,23,4559.150000000001,312
17614,58,390.07,100
17615,204,329.6,14
17616,174,571.1999999999999,3
17618,220,971.58,78
17619,313,218.52,77
17620,30,81.44,4
17621,22,1379.9,26
17623,152,527.0500000000001,33
17624,15,843.48,50
17625,19,2047.0,315
17628,82,75.75,5
17629,19,1814.12,123
17630,170,503.59999999999997,26
17631,120,528.33,39
17633,32,1324.84,70
17634,35,2361.9700000000003,297
17636,20,285.56,20
17637,116,547.0600000000001,35
17639,129,108.5,7
17640,87,621.66,5
17642,2,712.29,40
17643,697,101.55,8
17644,32,2895.64,157
17646,249,1008.39,51
17647,214,133.06,7
17648,61,1797.5,91
17649,139,868.49,52
17650,22,166.08,8
17651,12,3945.0,232
17652,26,4867.72,259
17653,32,1207.56,44
17654,160,117.55,22
17655,11,2638.94,91
17656,1,1674.69,82
17658,5,595.42,19
17659,18,2999.46,158
17660,142,196.0,45
17663,26,1802.91,86
17664,19,604.64,43
17666,181,728.16,18
17667,5,2055.51,116
17668,120,347.75,15
17669,43,3406.7200000000003,68
17670,228,205.7,11
17671,5,1572.71,53
17672,51,3178.17,110
17673,120,1629.12,227
17674,75,551.04,27
17675,3,20374.28,705
17676,0,1387.68,78
17677,29,16363.23,304
17678,264,298.11,16
17679,53,1992.1100000000001,30
17680,24,184.4,11
17682,11,2474.33,118
17684,44,239.41,15
17685,1,3191.53,130
17686,32,5739.46,286
17690,46,4757.95,256
17691,359,290.40000000000003,19
17692,161,740.9399999999999,46
17693,138,200.47,16
17694,142,283.12,15
17695,132,765.34,35
17696,109,2285.71,115
17697,237,338.95,19
17698,261,154.95,8
17700,17,2534.64,142
17701,340,417.95,24
17702,90,1824.37,74
17703,110,798.74,55
17704,169,885.19,31
17705,38,1823.52,103
17706,45,10504.49,382
17707,157,152.4,5
17708,218,267.08,35
17709,170,137.45,7
17711,11,385.1,23
17712,45,522.91,29
17714,321,153.0,10
17715,201,326.4,1
17716,23,5655.99,245
17718,233,139.35,6
17719,1,5396.04,274
17720,27,1195.94,50
17722,245,2424.04,115
17723,96,3276.4000000000005,10
17724,72,1033.0,40
17725,17,3439.08,192
17727,16,1060.25,66
17728,87,2876.01,165
17730,29,5298.4800000000005,218
17731,80,1240.11,67
17732,666,303.97,18
17733,262,692.19,35
17734,54,700.63,43
17735,109,13110.02,690
17736,10,377.44,25
17737,0,168.24,10
17738,20,1879.05,97
17739,12,2791.35,47
17742,39,355.11,15
17744,26,2322.4,136
17746,241,110.25,6
17747,113,71.4,1
17749,179,674.52,35
17750,57,1797.57,193
17752,360,80.64,1
17754,89,1772.26,92
17757,15,5605.29,741
17758,20,3456.7000000000003,412
17759,18,834.99,95
17760,22,287.59,25
17761,152,712.78,19
17763,264,15.0,1
17764,5,818.8199999999999,75
17765,211,371.88,57
17767,16,271.2,21
17768,167,2273.1800000000003,105
17769,13,3997.98,310
17770,35,1143.27,38
17771,57,245.81,54
17772,11,182.77,53
17774,146,1225.41,156
17775,255,56.4,3
17777,25,665.86,194
17779,22,658.57,82
17781,254,188.02,12
17783,73,283.47,67
17785,54,131.94,13
17786,86,278.74,72
17787,64,1865.19,134
17788,74,1117.9,5
17789,282,225.9,14
17790,3,1965.55,190
17791,60,106.1,10
17793,26,323.04,58
17795,180,350.39,46
17796,41,697.9,82
17797,23,780.43,111
17799,23,3055.93,408
17800,37,1199.01,104
17802,4,1285.04,140
17805,74,512.31,10
17806,12,546.04,43
17809,17,5411.91,61
17811,1,7837.7300000000005,851
17812,13,732.16,141
17813,15,1770.8799999999999,371
17816,214,36.56,17
17817,160,387.68,33
17819,65,3704.87,48
17824,52,298.4,13
17827,36,1995.46,220
17828,23,1820.09,67
17829,299,889.24,30
17830,120,398.7,23
17831,182,35.400000000000006,2
17832,50,155.37,61
17835,10,350.64,61
17836,48,110.21000000000001,24
17837,30,1593.38,169
17838,27,2779.3,121
17839,43,338.8,56
17841,0,40991.57,7847
17843,99,205.48,37
17844,107,51.559999999999995,5
17846,86,2033.1,1
17848,82,901.1999999999999,51
17849,70,605.8000000000001,26
17850,666,5391.21,297
17852,12,114.34,24
17854,157,311.26,15
17855,666,208.97,17
17856,120,1418.03,15
17857,18,26879.04,54
17858,2,5155.66,199
17859,130,148.21,25
17860,546,252.8,58
17861,25,2100.8,222
17862,324,330.9,11
17863,30,3160.0,148
17864,13,597.5,102
17865,1,10526.32,370
17866,143,329.65,9
17867,90,1197.1000000000001,79
17869,108,428.18,40
17870,15,1894.35,279
17871,205,155.9,10
17873,81,1859.16,44
17874,157,683.46,46
17877,171,237.61,12
17878,44,379.45,26
17879,174,178.51999999999998,6
17880,424,458.92,26
17881,130,133.35000000000002,8
17883,15,671.77,145
17884,181,717.45,117
17885,13,190.19,64
17886,121,899.61,109
17887,305,111.35,10
17888,22,726.05,67
17889,35,203.87,21
17890,323,602.09,94
17891,163,203.85999999999999,34
17892,57,244.1,28
17893,226,112.25,16
17894,72,1119.81,193
17895,45,98.0,16
17896,24,256.32,2
17897,173,566.6,114
17898,86,152.06,28
17899,278,155.8,32
17900,307,112.19999999999999,6
17901,60,110.38,19
17904,22,191.67,38
17905,72,800.24,34
17906,189,72.9,12
17908,697,243.28,58
17911,10,366.23,39
17912,311,311.01,38
17913,0,411.6,59
17914,181,336.43,80
17917,46,341.28,94
17919,1,1304.04,23
17920,12,4204.1,696
17921,149,826.52,145
17923,310,207.50000000000003,1
17924,12,2962.5,31
17925,666,244.08,1
17926,134,397.29,21
17928,46,212.54,23
17929,12,843.0,5
17930,72,1740.48,39
17931,135,408.36,65
17932,5,1331.57,90
17934,0,704.25,21
17935,139,145.79,29
17936,242,389.84,77
17937,115,4301.22,43
17939,278,99.14,12
17940,50,4106.4400000000005,19
17941,336,304.56,2
17942,301,77.50000000000001,2
17946,234,149.57999999999998,20
17947,302,176.68,9
17948,148,358.56000000000006,1
17949,3,58510.48,70
17950,73,482.2,71
17951,40,1008.5400000000001,20
17954,124,2332.72,485
17955,199,557.3,19
17956,250,12.75,1
17957,244,111.68,31
17958,117,508.4599999999999,7
17960,172,73.78,26
17961,1,1296.44,249
17962,143,102.83,35
17964,121,471.7,104
17965,9,2622.57,329
17966,33,1098.43,68
17967,638,123.07,48
17968,697,277.35,85
17969,167,228.2,14
17970,5,582.59,31
17972,6,136.04,31
17973,52,337.04,15
17974,25,740.79,179
17975,16,4488.81,296
17976,666,353.19,65
17977,60,288.14,21
17978,454,300.91999999999996,12
17979,169,757.71,146
17980,166,811.45,30
17984,146,152.68,48
17985,23,634.95,23
17986,57,20.8,1
17987,157,198.57,13
17988,12,201.12,38
17990,237,630.84,29
17991,226,93.35,5
17994,37,678.49,81
17995,282,76.1,2
17997,64,1970.6699999999998,166
17999,302,382.06,93
18001,13,417.23,58
18004,363,169.47,40
18005,48,249.72,60
18006,24,444.68,22
18008,36,2116.19,30
18009,236,257.34,32
18010,257,174.8,14
18011,697,102.78999999999999,28
18013,156,187.29,31
18014,29,166.42,32
18015,212,120.03,46
18016,75,1483.56,123
18017,82,523.0,3
18018,109,122.14,29
18019,52,38.45,5
18022,243,668.11,191
18024,64,389.78,21
18027,304,115.31,21
18030,43,230.64999999999998,9
18032,100,73.5,5
18033,214,97.97,34
18034,22,422.88,112
18035,44,730.4,53
18036,106,405.62,96
18037,125,70.02,19
18040,20,357.20000000000005,19
18041,12,4183.39,472
18042,54,165.04999999999998,7
18043,25,559.51,121
18044,88,2088.6,127
18045,46,189.4,47
18048,204,172.29000000000002,7
18050,360,74.4,5
18053,71,300.02,20
18055,40,6784.1900000000005,360
18056,289,363.65,19
18058,10,170.16,3
18059,24,306.46,18
18061,22,2119.41,46
18062,174,720.52,27
18064,134,814.0,7
18065,87,2392.83,137
18066,76,318.0,10
18067,41,396.33,37
18068,290,101.69999999999999,1
18069,1,2036.67,470
18071,258,453.0,25
18072,157,247.44,18
18073,115,3877.5200000000004,73
18074,697,489.6,13
18075,24,2611.75,142
18077,32,2633.0099999999998,227
18078,188,336.13,29
18079,46,3651.97,127
18080,19,1231.5,2
18081,113,343.45,17
18082,26,703.37,73
18084,17,90.47999999999999,1
18085,331,689.95,29
18086,68,101.34,7
18087,291,4055.7199999999993,2
18088,91,167.67000000000002,39
18092,2,9068.26,89
18093,32,2106.52,36
18094,82,3017.3,70
18095,39,580.0500000000001,21
18096,12,911.15,213
18097,206,2697.8,108
18099,246,168.31,19
18101,12,223.65,41
18102,12,259657.3,431
18104,302,754.64,38
18105,302,113.48000000000002,18
18106,330,430.7,39
18108,255,271.0,17
18109,4,8052.97,444
18110,20,236.3,46
18112,13,352.69,26
18113,546,76.32000000000001,1
18114,291,220.1,28
18116,235,1418.03,378
18117,26,320.72,74
18118,11,5653.82,1279
18119,516,181.12,30
18120,96,111.15,17
18121,125,673.1,32
18122,3,1826.21,364
18123,25,589.4399999999999,36
18125,60,1142.99,196
18126,61,206.82999999999998,56
18127,20,348.73,47
18129,67,112.55000000000001,14
18130,16,1059.39,70
18133,35,931.4999999999999,1
18135,60,681.9100000000001,20
18136,5,784.33,38
18138,296,152.65,8
18139,18,8438.34,159
18142,127,1019.52,15
18143,117,1000.16,61
18144,35,2888.75,43
18145,13,2861.55,221
18146,141,160.35000000000002,10
18147,46,179.33999999999997,7
18149,37,612.0799999999999,16
18150,141,566.58,37
18151,135,653.35,38
18154,44,399.19,21
18155,76,371.62,25
18156,13,734.94,140
18158,1,453.4,34
18159,38,530.15,23
18160,58,638.0600000000001,39
18161,16,1618.69,80
18164,302,399.65000000000003,24
18165,178,302.46000000000004,10
18167,24,1384.8600000000001,37
18168,69,1169.94,131
18169,61,202.65,9
18170,113,980.31,38
18171,0,1231.31,54
18172,5,7561.68,189
18173,68,2106.84,31
18174,301,104.0,1
18176,359,476.35,30
18177,121,1341.42,74
18178,249,1590.81,97
18179,10,1793.17,90
18180,1,1843.75,119
18181,25,382.8,44
18183,68,632.07,37
18184,16,49.8,1
18185,250,304.25,17
18188,16,2001.04,71
18189,78,1090.24,68
18190,193,284.46000000000004,15
18191,262,207.79999999999998,7
18192,72,957.97,45
18193,166,243.76,16
18194,83,973.8399999999999,7
18196,215,689.13,141
18198,72,5425.56,159
18200,107,163.8,32
18202,200,1396.99,68
18203,217,160.42000000000002,19
18204,72,1993.7,200
18205,75,517.36,32
18209,29,139.10000000000002,8
18210,10,2621.38,134
18211,26,600.07,42
18212,327,248.42,43
18213,237,232.48000000000002,15
18215,31,299.34000000000003,13
18216,121,481.75,26
18217,60,621.75,31
18218,5,662.08,21
18219,44,2069.77,114
18220,227,305.28000000000003,2
18221,5,1041.61,64
18222,123,443.0,19
18223,40,6484.54,272
18224,264,158.95000000000002,10
18225,22,5509.12,271
18226,32,5228.05,242
18227,188,93.75,5
18228,57,779.9,30
18229,0,7276.900000000001,164
18230,10,2810.2000000000003,86
18231,193,2083.27,124
18232,82,592.97,37
18233,326,440.0,1
18235,32,1796.48,104
18236,60,882.24,49
18237,2,987.1,61
18239,219,1561.6100000000001,88
18240,47,422.58,6
18241,10,2073.09,104
18242,66,2232.4900000000002,78
18245,5,2567.06,175
18246,24,596.1,4
18248,93,804.02,47
18249,18,95.34,8
18250,311,349.27,21
18251,88,4314.72,16
18252,51,526.67,98
18255,31,103.3,6
18257,40,2337.63,118
18259,25,2338.6000000000004,42
18260,100,2643.2000000000003,134
18261,44,324.24,21
18262,141,149.48,13
18263,26,1213.1599999999999,61
18265,73,801.51,46
18268,135,25.5,1
18269,485,168.6,7
18270,267,283.15,11
18272,3,3078.58,166
18273,151,204.0,3
18274,90,175.92,11
18276,44,335.86,14
18277,0,110.38,8
18278,74,173.9,9
18280,160,180.60000000000002,10
18281,4,80.82,7
18282,216,178.05,12
18283,10,2094.88,756
18287,0,1837.28,70
